Country Name,Year,"Incidence of malaria (per 1,000 population at risk)",Malaria cases reported,Malaria death,Use of insecticide-treated bed net in total population,Children with fever receiving antimalarial drugs (% of children under age 5 with fever),Intermittent preventive treatment (IPT) of malaria in pregnancy (% of pregnant women),Total Population,Rural Population,Urban Population,Rural population (% of total population),Rural population growth (annual %),Urban population (% of total population),Urban population growth (annual %),People using at least basic drinking water services (% of population),"People using at least basic drinking water services, rural (% of rural population)","People using at least basic drinking water services, urban (% of urban population)",People using at least basic sanitation services (% of population),"People using at least basic sanitation services, rural (% of rural population)","People using at least basic sanitation services, urban  (% of urban population)",latitude,longitude,geometry,Total Malaria Cases
Algeria,2007-01-01,0.01,26.0,0,4.7625,4.9125,19.16363636363636,33983827.0,11776076.0,22207751.0,34.65,-0.6,65.35,2.71,91.68,85.83,94.78,85.85,76.94,90.57,28.033886,1.659626,POINT (28.033886 1.659626),339.83826999999997
Angola,2007-01-01,286.72,1533485.0,18 237 ,18.0,29.8,1.5,20909684.0,8881597.0,12028087.0,42.48,1.91,57.52,5.01,47.96,23.77,65.83,37.26,14.0,54.44,-11.202692,17.873887,POINT (-11.202692 17.873887),5995224.596480001
Benin,2007-01-01,480.24,0.0,12 034 ,2.8125,18.675,15.0,8647761.0,5053924.0,3593837.0,58.44,1.99,41.56,4.09,63.78,54.92,76.24,11.8,4.29,22.36,9.30769,2.315834,POINT (9.307689999999999 2.315834),4153000.7426400003
Botswana,2007-01-01,1.03,390.0,3 ,21.65,73.86250000000001,8.6,1966977.0,827547.0,1139430.0,42.07,-1.44,57.93,4.8,78.89,57.6,94.35,61.6,39.99,77.3,-22.328474,24.684866,POINT (-22.328474 24.684866),2025.9863100000002
Burkina Faso,2007-01-01,503.8,44246.0,31 272 ,24.919999999999998,67.0625,7.0,14757074.0,11363537.0,3393537.0,77.0,2.16,23.0,5.91,52.27,45.13,76.15,15.6,6.38,46.49,12.238333,-1.561593,POINT (12.238333 -1.561593),7434613.881200001
Burundi,2007-01-01,222.92,1101644.0,5 271 ,12.45,68.9,12.9,7944609.0,7160953.0,783656.0,90.14,3.02,9.86,5.82,54.73,51.39,85.24,45.91,46.26,42.78,-3.373056,29.918886,POINT (-3.373056 29.918886),1771012.23828
Cabo Verde,2007-01-01,0.15,18.0,2,30.825,0.6666666666666666,4.6,504733.0,205108.0,299625.0,40.64,-0.78,59.36,2.66,81.39,71.02,88.48,54.85,38.9,65.77,16.002082,-24.013197,POINT (16.002082 -24.013197),75.70994999999999
Cameroon,2007-01-01,386.68,0.0,18 138 ,32.7125,26.25,0.0,18251866.0,9172293.0,9079573.0,50.25,1.55,49.75,3.96,60.09,38.85,81.55,39.25,23.01,55.66,7.369722,12.354722,POINT (7.369722 12.354722),7057631.544880001
Central African Republic,2007-01-01,471.11,0.0,9 837 ,28.0,13.3375,0.0,4375569.0,2698020.0,1677549.0,61.66,1.69,38.34,2.3,51.1,38.18,71.87,20.55,8.76,39.5,6.611111,20.939444,POINT (6.611111 20.939444),2061374.3115900003
Chad,2007-01-01,210.71,48288.0,10 485 ,17.6,38.3625,0.0,10722731.0,8377884.0,2344847.0,78.13,3.35,21.87,3.55,40.34,30.88,74.12,11.15,5.75,30.45,15.454166,18.732207,POINT (15.454166 18.732207),2259386.64901
Djibouti,2007-01-01,3.84,2320.0,5 ,84.67500000000001,29.425,12.609090909090911,865196.0,200267.0,664929.0,23.15,1.16,76.85,1.42,75.52,51.57,82.74,51.1,13.68,62.37,11.825138,42.590275,POINT (11.825138 42.590275),3322.35264
Equatorial Guinea,2007-01-01,398.15,6287.0,610 ,24.625,23.4375,0.0,948814.0,369089.0,579725.0,38.9,0.43,61.1,7.4,57.12,34.43,71.56,61.32,51.85,67.35,1.650801,10.267895,POINT (1.650801 10.267895),377770.29409999994
Eritrea,2007-01-01,12.54,15565.0,60 ,76.825,13.883333333333333,0.0,2926168.0,1960035.0,966133.0,66.98,1.22,33.02,5.62,49.25,29.13,90.06,10.56,3.82,24.21,15.179384,39.782334,POINT (15.179384 39.782334),36694.14672
Eswatini,2007-01-01,0.29,84.0,0,1.0,0.6,0.5,1084008.0,847380.0,236628.0,78.17,0.73,21.83,0.26,59.46,50.65,91.01,53.72,51.6,61.31,-26.522503,31.465866,POINT (-26.522503 31.465866),314.36232
Gabon,2007-01-01,110.66,45186.0,199 ,69.71000000000001,4.0125,0.0,1549774.0,251962.0,1297812.0,16.26,-0.91,83.74,3.68,83.0,45.92,90.2,40.63,34.19,41.88,-0.803689,11.609444,POINT (-0.803689 11.609444),171497.99083999998
Ghana,2007-01-01,322.33,476484.0,14 426 ,7.959999999999999,42.375,34.0,23708320.0,12169718.0,11538602.0,51.33,1.26,48.67,3.99,71.35,59.83,83.5,12.12,6.94,17.58,7.946527,-1.023194,POINT (7.946527 -1.023194),7641902.785599999
Guinea,2007-01-01,343.69,44518.0,9 931 ,5.0,74.0,9.263636363636364,9547082.0,6413539.0,3133543.0,67.18,1.82,32.82,3.1,63.16,52.44,85.1,15.0,8.5,28.32,9.945587,-9.696645,POINT (9.945587 -9.696645),3281236.61258
Guinea-Bissau,2007-01-01,72.81,14284.0,712 ,30.420000000000005,15.8875,0.0,1450572.0,885806.0,564766.0,61.07,1.8,38.93,3.44,59.25,46.82,78.76,15.25,6.27,29.34,11.7723,-15.1696,POINT (11.7723 -15.1696),105616.14731999999
Kenya,2007-01-01,78.02,0.0,9 792 ,5.375,34.35,0.0,38036793.0,29508944.0,8527849.0,77.58,2.29,22.42,4.46,52.3,42.38,86.63,31.69,30.6,35.47,0.1769,37.9083,POINT (0.1769 37.9083),2967630.5898599997
Lesotho,2007-01-01,78.02,0.0,9 792 ,24.25,12.125,0.0,1983465.0,1521238.0,462227.0,76.7,-0.78,23.3,1.95,67.7,62.23,85.71,24.09,22.01,30.96,-29.609988,28.233608,POINT (-29.609988 28.233608),154749.9393
Liberia,2007-01-01,383.18,492272.0,3 287 ,57.0625,58.8,14.8,3632740.0,1934725.0,1698015.0,53.26,3.26,46.74,4.65,67.63,55.77,81.14,15.42,4.74,27.59,6.428055,-9.429499,POINT (6.428055 -9.429499),1391993.3132
Libya,2007-01-01,0.0,0.0,3 287 ,89.82499999999999,22.2,58.8,6097177.0,1375706.0,4721471.0,22.56,0.67,77.44,1.72,90.52,55.77,81.14,98.56,4.74,27.59,26.3351,17.228331,POINT (26.3351 17.228331),0.0
Madagascar,2007-01-01,22.78,48497.0,1 092 ,75.33749999999999,4.6,3.072727272727273,19924958.0,13938903.0,5986055.0,69.96,2.01,30.04,4.97,42.7,28.77,75.16,6.84,4.37,12.58,-18.766947,46.869107,POINT (-18.766947 46.869107),453890.54323999997
Morocco,2007-01-01,0.0,0.0,0,11.0,46.3,52.4,31232633.0,13643351.0,17589282.0,43.68,-0.14,56.32,2.18,72.65,45.16,93.97,76.41,60.77,88.54,31.7945,-7.0849,POINT (31.7945 -7.0849),0.0
Mozambique,2007-01-01,399.45,141663.0,27 031 ,7.0,23.0,0.0,21280513.0,14818898.0,6461615.0,69.64,2.51,30.36,3.38,33.47,18.39,68.06,17.41,7.51,40.11,-18.665695,35.529562,POINT (-18.665695 35.529562),8500500.917849999
Namibia,2007-01-01,12.97,4242.0,52 ,11.0,9.8,7.0,2011492.0,1235096.0,776396.0,61.4,0.17,38.6,4.36,79.08,67.6,97.34,30.97,15.27,55.93,-22.95764,18.49041,POINT (-22.95764 18.49041),26089.05124
Niger,2007-01-01,386.68,268164.0,19 662 ,42.675000000000004,10.924999999999999,20.536363636363635,14897873.0,12479352.0,2418521.0,83.77,3.76,16.23,3.73,42.15,32.88,89.94,9.1,4.39,33.41,17.607789,8.081666,POINT (17.607789 8.081666),5760709.53164
Nigeria,2007-01-01,421.33,0.0,229 172 ,65.175,84.80000000000001,2.0,148294028.0,87761889.0,60532139.0,59.18,1.16,40.82,4.8,57.64,43.3,78.44,32.53,29.78,36.51,9.081999,8.675277,POINT (9.081999 8.675276999999999),62480722.81723999
Rwanda,2007-01-01,90.64,382686.0,2 926 ,48.9375,5.5,51.0,9523168.0,7911753.0,1611415.0,83.08,2.51,16.92,2.54,50.7,45.67,75.38,54.6,53.73,58.86,-1.940278,29.873888,POINT (-1.940278 29.873888),863179.9475199999
Sao Tome and Principe,2007-01-01,14.56,2421.0,3,22.9375,16.285714285714285,44.5,169845.0,65356.0,104489.0,38.48,-0.18,61.52,4.74,73.46,66.15,78.04,29.71,20.21,35.65,0.18636,6.613081,POINT (0.18636 6.613081),2472.9432
Senegal,2007-01-01,101.91,118332.0,3 869 ,29.3,15.700000000000001,11.7,11563869.0,6645177.0,4918692.0,57.47,1.93,42.54,3.61,68.37,51.9,90.63,44.24,29.38,64.32,14.497401,-14.452362,POINT (14.497401 -14.452362),1178473.88979
Seychelles,2007-01-01,101.91,118332.0,3 869 ,55.830000000000005,37.76666666666667,0.0,85033.0,40573.0,44460.0,47.72,-0.15,52.29,1.12,95.0,51.9,90.63,97.11,29.38,64.32,-4.679574,55.491977,POINT (-4.679574 55.491977),8665.713029999999
Sierra Leone,2007-01-01,379.94,0.0,10 976 ,11.5,0.4000000000000001,0.0,5939163.0,3700752.0,2238411.0,62.31,2.1,37.69,3.74,48.01,34.01,71.17,12.2,6.05,22.36,8.460555,-11.779889,POINT (8.460554999999999 -11.779889),2256525.5902199997
Somalia,2007-01-01,100.56,16675.0,2 852 ,47.00000000000001,43.75,52.6,11118092.0,7293024.0,3825068.0,65.6,7.09,34.4,-4.65,32.91,17.05,63.15,24.39,10.94,50.03,5.152149,46.199616,POINT (5.152149 46.199616),1118035.33152
South Africa,2007-01-01,1.29,6327.0,37,11.125,46.833333333333336,0.0,49996094.0,19690462.0,30305632.0,39.38,-0.07,60.62,2.18,88.18,72.16,98.59,66.07,55.0,73.26,-30.559482,22.937506,POINT (-30.559482 22.937506),64494.96126
South Sudan,2007-01-01,276.75,0.0,6 815 ,3.5714285714285716,28.799999999999997,41.2,8417823.0,6951438.0,1466385.0,82.58,4.87,17.42,5.79,88.18,72.16,98.59,66.07,55.0,73.26,6.876991,31.306978,POINT (6.876991 31.306978),2329632.51525
Sudan,2007-01-01,41.08,686908.0,3 688 ,54.462500000000006,43.400000000000006,64.6,31191163.0,20939875.0,10251288.0,67.13,2.1,32.87,2.34,47.67,39.77,63.8,24.33,14.2,45.02,12.862807,30.217636,POINT (12.862807 30.217636),1281332.9760399999
Togo,2007-01-01,434.49,258716.0,5 987 ,3.7399999999999998,49.550000000000004,0.18333333333333335,6047537.0,3863409.0,2184128.0,63.88,1.97,36.12,4.0,53.92,37.37,83.19,12.16,4.13,26.37,8.619543,0.824782,POINT (8.619543 0.824782),2627594.3511300003
Tunisia,2007-01-01,434.49,258716.0,5 987 ,71.175,19.02,60.2,10580395.0,3617543.0,6962852.0,34.19,0.18,65.81,1.44,90.79,75.34,98.82,83.36,62.16,94.37,33.886917,9.537499,POINT (33.886917 9.537499),4597075.82355
Uganda,2007-01-01,377.94,1045378.0,24 820 ,5.0375,43.040000000000006,35.2,29629804.0,24326365.0,5303439.0,82.1,2.58,17.9,5.84,35.33,27.27,72.31,18.02,15.68,28.73,1.373333,32.290275,POINT (1.373333 32.290275),11198288.12376
Zambia,2007-01-01,195.74,0.0,6 851 ,29.0,38.4,43.1,12402073.0,7704044.0,4698029.0,62.12,1.89,37.88,3.96,53.98,35.63,84.07,24.87,14.61,41.69,-13.133897,27.849332,POINT (-13.133897 27.849332),2427581.76902
Zimbabwe,2007-01-01,175.12,116518.0,4 326 ,40.7,8.2125,23.5,12450568.0,8249373.0,4201195.0,66.26,1.1,33.74,0.28,69.05,56.03,94.61,43.2,34.74,59.81,-19.015438,29.154857,POINT (-19.015438 29.154857),2180343.46816
Algeria,2008-01-01,0.0,3.0,0,59.68000000000001,5.8375,0.0,34569592.0,11720129.0,22849463.0,33.9,-0.55,66.1,2.78,91.92,86.19,94.86,86.1,77.6,90.46,28.033886,1.659626,POINT (28.033886 1.659626),0.0
Angola,2008-01-01,241.19,1377992.0,15 280 ,1.5,34.475,24.7,21691522.0,9049269.0,12642253.0,41.72,1.91,58.28,5.02,48.77,24.14,66.4,38.53,14.92,55.43,-11.202692,17.873887,POINT (-11.202692 17.873887),5231778.19118
Benin,2008-01-01,453.17,0.0,10 694 ,1.6666666666666667,51.3,11.67272727272727,8906469.0,5159607.0,3746862.0,57.93,1.95,42.07,4.05,64.09,55.31,76.19,12.32,4.66,22.86,9.30769,2.315834,POINT (9.307689999999999 2.315834),4036144.55673
Botswana,2008-01-01,1.93,927.0,6 ,36.3625,85.925,17.7,2007320.0,814089.0,1193231.0,40.56,-1.55,59.44,4.7,80.32,59.36,94.62,63.34,41.06,78.55,-22.328474,24.684866,POINT (-22.328474 24.684866),3874.1276
Burkina Faso,2008-01-01,533.39,36514.0,33 805 ,73.7375,88.5375,31.69090909090909,15197915.0,11621238.0,3576677.0,76.47,2.32,23.53,5.34,51.78,44.16,76.52,16.08,6.93,45.82,12.238333,-1.561593,POINT (12.238333 -1.561593),8106415.8818500005
Burundi,2008-01-01,222.77,876741.0,5 253 ,3.875,91.44999999999999,26.0,8278109.0,7440530.0,837579.0,89.88,3.02,10.12,5.84,55.33,51.91,85.7,45.92,46.28,42.76,-3.373056,29.918886,POINT (-3.373056 29.918886),1844114.34193
Cabo Verde,2008-01-01,0.28,35.0,2,13.3,3.9000000000000004,15.1,510336.0,203144.0,307192.0,39.81,-0.86,60.19,2.6,81.92,71.12,89.07,56.9,41.27,67.23,16.002082,-24.013197,POINT (16.002082 -24.013197),142.89408000000003
Cameroon,2008-01-01,358.72,0.0,15 930 ,21.330000000000002,10.5,14.5,18777081.0,9322821.0,9454260.0,49.65,1.54,50.35,3.96,60.16,38.92,81.1,39.17,22.41,55.69,7.369722,12.354722,POINT (7.369722 12.354722),6735714.49632
Central African Republic,2008-01-01,461.79,0.0,9 105 ,1.4285714285714286,3.5625,19.3,4467233.0,2747080.0,1720153.0,61.49,1.51,38.51,2.21,50.07,37.31,70.44,21.37,8.82,41.42,6.611111,20.939444,POINT (6.611111 20.939444),2062923.52707
Chad,2008-01-01,215.1,47757.0,10 911 ,27.8625,69.5,32.0,11098664.0,8667946.0,2430718.0,78.1,3.28,21.9,3.47,40.17,30.75,73.74,11.1,5.47,31.15,15.454166,18.732207,POINT (15.454166 18.732207),2387322.6264
Djibouti,2008-01-01,3.74,2289.0,5 ,18.25,5.7875,13.5,882886.0,203955.0,678931.0,23.1,1.15,76.9,1.4,75.52,51.11,82.85,52.35,14.25,63.79,11.825138,42.590275,POINT (11.825138 42.590275),3301.99364
Equatorial Guinea,2008-01-01,378.24,9503.0,569 ,52.49000000000001,6.1625,0.0,994971.0,370676.0,624295.0,37.26,0.33,62.75,7.31,58.18,33.82,72.65,62.18,52.75,67.78,1.650801,10.267895,POINT (1.650801 10.267895),376337.83104
Eritrea,2008-01-01,6.78,8764.0,37 ,48.9,13.1,0.0,3005779.0,1983814.0,1021965.0,66.0,0.71,34.0,5.12,49.65,28.86,89.99,10.83,4.17,23.77,15.179384,39.782334,POINT (15.179384 39.782334),20379.18162
Eswatini,2008-01-01,0.2,58.0,0,1.2,22.4,0.0,1089870.0,849608.0,240262.0,77.96,0.42,22.05,1.68,60.57,51.78,91.65,54.26,52.59,60.16,-26.522503,31.465866,POINT (-26.522503 31.465866),217.974
Gabon,2008-01-01,118.87,40701.0,210 ,55.1,8.657142857142857,29.7,1599978.0,250253.0,1349725.0,15.64,-0.8,84.36,3.81,83.36,47.09,90.09,41.54,34.69,42.81,-0.803689,11.609444,POINT (-0.803689 11.609444),190189.38486000002
Ghana,2008-01-01,333.72,1094483.0,14 759 ,28.0,43.0,28.0,24326087.0,12320920.0,12005167.0,50.65,1.24,49.35,3.97,72.35,60.62,84.39,12.72,7.4,18.18,7.946527,-1.023194,POINT (7.946527 -1.023194),8118101.753640001
Guinea,2008-01-01,370.17,33405.0,10 761 ,4.5,21.7,14.436363636363636,9779785.0,6542089.0,3237696.0,66.89,1.87,33.11,3.15,63.13,52.21,85.18,15.76,9.3,28.82,9.945587,-9.696645,POINT (9.945587 -9.696645),3620183.01345
Guinea-Bissau,2008-01-01,89.02,11299.0,735 ,78.15,60.325,0.0,1488431.0,903106.0,585325.0,60.68,1.83,39.33,3.48,60.08,47.57,79.37,15.8,6.5,30.15,11.7723,-15.1696,POINT (11.7723 -15.1696),132500.12761999998
Kenya,2008-01-01,67.68,839903.0,9 714 ,66.6,92.375,36.8,39186895.0,30252283.0,8934612.0,77.2,2.28,22.8,4.45,52.99,43.12,86.43,31.41,30.23,35.4,0.1769,37.9083,POINT (0.1769 37.9083),2652169.0536
Lesotho,2008-01-01,67.68,839903.0,9 714 ,3.3333333333333335,98.4125,7.372727272727272,1995014.0,1520280.0,474734.0,76.2,-0.63,23.8,2.1,67.77,61.92,86.51,26.09,24.18,32.21,-29.609988,28.233608,POINT (-29.609988 28.233608),135022.54752
Liberia,2008-01-01,383.33,606952.0,3 227 ,26.537499999999998,5.6499999999999995,0.0,3783887.0,2002130.0,1781757.0,52.91,3.48,47.09,4.87,68.2,56.44,81.41,15.59,4.85,27.65,6.428055,-9.429499,POINT (6.428055 -9.429499),1450477.40371
Libya,2008-01-01,0.0,0.0,3 227 ,58.9,5.142857142857143,24.6,6228370.0,1393162.0,4835208.0,22.37,0.53,77.63,1.65,91.41,56.44,81.41,98.72,4.85,27.65,26.3351,17.228331,POINT (26.3351 17.228331),0.0
Madagascar,2008-01-01,23.47,93234.0,1 160 ,41.14999999999999,8.08,29.9,20513599.0,14222078.0,6291521.0,69.33,1.96,30.67,4.92,43.82,29.5,76.2,7.19,4.58,13.08,-18.766947,46.869107,POINT (-18.766947 46.869107),481454.16852999997
Morocco,2008-01-01,0.0,0.0,0,26.120000000000005,90.5125,25.4125,31634992.0,13639110.0,17995882.0,43.11,-0.12,56.89,2.2,74.24,47.81,94.27,77.98,62.86,89.44,31.7945,-7.0849,POINT (31.7945 -7.0849),0.0
Mozambique,2008-01-01,399.79,120259.0,26 418 ,22.8,36.7,0.0,21845571.0,15110145.0,6735426.0,69.17,2.07,30.83,4.28,35.65,20.48,69.68,18.54,8.39,41.33,-18.665695,35.529562,POINT (-18.665695 35.529562),8733640.830090001
Namibia,2008-01-01,7.46,1092.0,30 ,60.36999999999999,48.4625,16.5,2038552.0,1231347.0,807205.0,60.4,0.18,39.6,4.38,79.44,67.76,97.24,31.37,15.57,55.47,-22.95764,18.49041,POINT (-22.95764 18.49041),15207.597919999998
Niger,2008-01-01,409.1,682685.0,20 669 ,47.2375,31.0,8.645454545454546,15455175.0,12946955.0,2508220.0,83.77,3.78,16.23,3.75,43.01,34.03,89.37,9.6,4.78,34.5,17.607789,8.081666,POINT (17.607789 8.081666),6322712.0925
Nigeria,2008-01-01,424.66,143079.0,221 424 ,6.0,33.2,3.2,152382506.0,88835953.0,63546553.0,58.3,1.15,41.7,4.79,59.03,44.52,79.32,33.1,29.89,37.59,9.081999,8.675277,POINT (9.081999 8.675276999999999),64710754.99796
Rwanda,2008-01-01,72.03,316242.0,2 882 ,56.0,5.6,3.7,9781996.0,8126393.0,1655603.0,83.08,2.66,16.93,2.69,51.38,46.35,76.05,55.82,55.34,58.2,-1.940278,29.873888,POINT (-1.940278 29.873888),704597.1718799999
Sao Tome and Principe,2008-01-01,36.57,6258.0,16,75.6875,12.0,9.754545454545454,174004.0,64938.0,109066.0,37.32,-0.2,62.68,4.72,74.71,67.32,79.11,31.14,21.33,36.98,0.18636,6.613081,POINT (0.18636 6.613081),6363.326279999999
Senegal,2008-01-01,86.42,241926.0,3 904 ,3.2,9.6,9.945454545454545,11872929.0,6773862.0,5099067.0,57.05,1.96,42.95,3.65,69.62,53.67,90.8,45.0,30.39,64.41,14.497401,-14.452362,POINT (14.497401 -14.452362),1026058.5241800001
Seychelles,2008-01-01,86.42,241926.0,3 904 ,66.9375,17.512500000000003,12.70909090909091,86956.0,41201.0,45755.0,47.38,1.54,52.62,2.87,95.26,53.67,90.8,97.54,30.39,64.41,-4.679574,55.491977,POINT (-4.679574 55.491977),7514.737520000001
Sierra Leone,2008-01-01,413.85,176356.0,12 609 ,26.0,27.8,5.2,6090860.0,3771643.0,2319217.0,61.92,1.75,38.08,3.4,49.33,35.61,71.64,12.53,6.29,22.69,8.460555,-11.779889,POINT (8.460554999999999 -11.779889),2520702.411
Somalia,2008-01-01,63.1,36905.0,1 841 ,3.0,19.425,7.2,11444870.0,7323458.0,4121412.0,63.99,0.34,36.01,7.39,35.28,18.51,65.08,25.91,11.74,51.08,5.152149,46.199616,POINT (5.152149 46.199616),722171.297
South Africa,2008-01-01,1.57,7796.0,43,3.6666666666666665,51.662499999999994,0.0,50565812.0,19642795.0,30923017.0,38.85,-0.04,61.15,2.22,88.67,73.01,98.62,67.08,56.88,73.56,-30.559482,22.937506,POINT (-30.559482 22.937506),79388.32484
South Sudan,2008-01-01,267.14,52011.0,6 644 ,1.3333333333333333,34.5,4.5,8823888.0,7274854.0,1549034.0,82.45,4.78,17.56,5.72,88.67,73.01,98.62,67.08,56.88,73.56,6.876991,31.306978,POINT (6.876991 31.306978),2357213.44032
Sudan,2008-01-01,35.05,569296.0,3 129 ,30.775,3.257142857142857,3.3,32065241.0,21509684.0,10555557.0,67.08,2.06,32.92,2.3,49.07,41.27,64.96,25.62,15.3,46.65,12.862807,30.217636,POINT (12.862807 30.217636),1123886.69705
Togo,2008-01-01,379.9,397283.0,4 912 ,64.11250000000001,91.7,3.4,6222482.0,3945863.0,2276619.0,63.41,1.98,36.59,4.01,55.05,38.48,83.78,12.53,4.41,26.6,8.619543,0.824782,POINT (8.619543 0.824782),2363920.9118
Tunisia,2008-01-01,379.9,397283.0,4 912 ,70.25,98.87142857142858,0.0,10680380.0,3621396.0,7058984.0,33.91,0.22,66.09,1.49,91.18,76.01,98.96,84.27,64.35,94.49,33.886917,9.537499,POINT (33.886917 9.537499),4057476.3619999993
Uganda,2008-01-01,410.46,979298.0,27 478 ,51.912499999999994,92.0,7.6,30509862.0,24900929.0,5608933.0,81.62,2.56,18.38,5.83,36.64,28.54,72.59,18.09,15.75,28.46,1.373333,32.290275,POINT (1.373333 32.290275),12523077.95652
Zambia,2008-01-01,176.72,0.0,6 708 ,41.0,43.0,0.0,12852966.0,7921154.0,4931812.0,61.63,1.93,38.37,4.01,54.6,36.27,84.04,25.03,15.04,41.09,-13.133897,27.849332,POINT (-13.133897 27.849332),2271376.15152
Zimbabwe,2008-01-01,74.73,32788.0,1 864 ,6.1,48.762499999999996,5.3,12550347.0,8338451.0,4211896.0,66.44,1.28,33.56,0.46,68.54,55.4,94.55,42.48,34.41,58.46,-19.015438,29.154857,POINT (-19.015438 29.154857),937887.43131
Algeria,2009-01-01,0.0,0.0,0,38.7,20.4625,41.5,35196037.0,11675933.0,23520104.0,33.17,-0.45,66.83,2.82,92.16,86.54,94.94,86.34,78.25,90.35,28.033886,1.659626,POINT (28.033886 1.659626),0.0
Angola,2009-01-01,204.35,1573422.0,13 342 ,55.73,25.24285714285714,32.7,22507674.0,9220494.0,13287180.0,40.97,1.88,59.03,4.99,49.58,24.51,66.97,39.79,15.84,56.41,-11.202692,17.873887,POINT (-11.202692 17.873887),4599443.181899999
Benin,2009-01-01,417.96,889597.0,9 508 ,52.07000000000001,16.185714285714287,39.0,9172514.0,5266858.0,3905656.0,57.42,1.92,42.58,4.02,64.4,55.69,76.13,12.85,5.05,23.36,9.30769,2.315834,POINT (9.307689999999999 2.315834),3833743.9514399995
Botswana,2009-01-01,2.1,1024.0,6 ,26.7375,1.5125000000000002,38.1,2048997.0,800400.0,1248597.0,39.06,-1.79,60.94,4.44,81.71,61.13,94.9,65.09,42.14,79.8,-22.328474,24.684866,POINT (-22.328474 24.684866),4302.8937
Burkina Faso,2009-01-01,552.03,182527.0,36 176 ,19.859999999999996,66.7625,7.118181818181819,15650022.0,11881653.0,3768369.0,75.92,2.31,24.08,5.32,51.29,43.18,76.89,16.54,7.47,45.14,12.238333,-1.561593,POINT (12.238333 -1.561593),8639281.64466
Burundi,2009-01-01,220.65,1185622.0,5 188 ,31.7375,30.05,29.7,8709366.0,7805682.0,903684.0,89.62,3.0,10.38,5.81,55.92,52.42,86.15,45.93,46.3,42.73,-3.373056,29.918886,POINT (-3.373056 29.918886),1921721.6079
Cabo Verde,2009-01-01,0.51,65.0,2,30.46666666666667,2.0666666666666664,0.0,515638.0,201016.0,314622.0,38.98,-0.88,61.02,2.56,82.47,71.22,89.65,58.93,43.65,68.68,16.002082,-24.013197,POINT (16.002082 -24.013197),262.97538000000003
Cameroon,2009-01-01,322.98,0.0,14 457 ,1.0,2.3125,0.0,19319274.0,9475331.0,9843943.0,49.05,1.53,50.95,3.94,60.21,38.98,80.65,39.09,21.82,55.72,7.369722,12.354722,POINT (7.369722 12.354722),6239739.116520001
Central African Republic,2009-01-01,448.45,0.0,8 528 ,22.77,21.7125,19.1,4564540.0,2798337.0,1766203.0,61.31,1.19,38.69,1.98,49.04,36.43,69.01,22.21,8.88,43.34,6.611111,20.939444,POINT (6.611111 20.939444),2046967.963
Chad,2009-01-01,222.91,0.0,11 455 ,37.9,30.9875,5.363636363636363,11496128.0,8974567.0,2521561.0,78.07,3.27,21.93,3.46,39.99,30.62,73.35,10.73,4.98,31.16,15.454166,18.732207,POINT (15.454166 18.732207),2562601.89248
Djibouti,2009-01-01,4.33,2686.0,6 ,19.9,0.9,13.8125,901103.0,207758.0,693345.0,23.06,1.2,76.94,1.45,75.51,50.66,82.96,53.59,14.82,65.21,11.825138,42.590275,POINT (11.825138 42.590275),3901.7759899999996
Equatorial Guinea,2009-01-01,351.29,14184.0,535 ,4.25,33.08,0.0,1043686.0,371991.0,671695.0,35.64,0.2,64.36,7.16,59.29,33.21,73.74,63.01,53.65,68.2,1.650801,10.267895,POINT (1.650801 10.267895),366636.45493999997
Eritrea,2009-01-01,8.86,11759.0,41 ,1.4100000000000001,43.175,0.0,3083888.0,2017325.0,1066563.0,65.41,0.96,34.59,3.55,49.81,28.6,89.93,11.02,4.52,23.33,15.179384,39.782334,POINT (15.179384 39.782334),27323.247679999997
Eswatini,2009-01-01,0.36,106.0,0,9.887500000000001,1.1125,59.9,1094886.0,851142.0,243744.0,77.74,0.44,22.26,1.69,61.66,52.89,92.28,54.8,53.59,59.02,-26.522503,31.465866,POINT (-26.522503 31.465866),394.15896
Gabon,2009-01-01,145.95,660.0,226 ,46.970000000000006,21.3125,5.372727272727272,1653542.0,248775.0,1404767.0,15.05,-0.62,84.96,3.97,83.7,48.23,89.98,42.45,35.18,43.74,-0.803689,11.609444,POINT (-0.803689 11.609444),241334.45489999998
Ghana,2009-01-01,351.39,1104370.0,15 721 ,1.8,27.5125,2.2,24950762.0,12467646.0,12483116.0,49.97,1.19,50.03,3.91,73.36,61.41,85.29,13.33,7.87,18.79,7.946527,-1.023194,POINT (7.946527 -1.023194),8767448.25918
Guinea,2009-01-01,398.14,35841.0,12 350 ,3.5,50.3625,50.2,10021323.0,6675103.0,3346220.0,66.61,1.86,33.39,3.15,63.07,51.96,85.25,16.52,10.1,29.31,9.945587,-9.696645,POINT (9.945587 -9.696645),3989889.53922
Guinea-Bissau,2009-01-01,113.8,11757.0,774 ,52.0,18.0875,0.0,1527196.0,920655.0,606541.0,60.28,1.88,39.72,3.51,60.89,48.32,79.97,16.36,6.73,30.97,11.7723,-15.1696,POINT (11.7723 -15.1696),173794.9048
Kenya,2009-01-01,67.94,0.0,9 855 ,46.7,23.2,6.9,40364444.0,31006755.0,9357689.0,76.82,2.25,23.18,4.42,53.67,43.84,86.23,31.13,29.87,35.33,0.1769,37.9083,POINT (0.1769 37.9083),2742360.32536
Lesotho,2009-01-01,67.94,0.0,9 855 ,63.5125,0.46666666666666673,10.3,2009169.0,1521082.0,488087.0,75.71,-0.5,24.29,2.22,67.86,61.61,87.32,28.05,26.33,33.44,-29.609988,28.233608,POINT (-29.609988 28.233608),136502.94186
Liberia,2009-01-01,368.81,839581.0,3 046 ,26.0,67.2,11.0,3905066.0,2052307.0,1852759.0,52.56,3.3,47.45,4.73,68.75,57.09,81.67,15.75,4.97,27.71,6.428055,-9.429499,POINT (6.428055 -9.429499),1440227.3914599998
Libya,2009-01-01,0.0,0.0,3 046 ,36.525,11.239999999999998,0.02,6360191.0,1409609.0,4950582.0,22.16,0.31,77.84,1.5,92.3,57.09,81.67,98.88,4.97,27.71,26.3351,17.228331,POINT (26.3351 17.228331),0.0
Madagascar,2009-01-01,42.92,215110.0,2 182 ,46.0,19.7,1.9,21117092.0,14507231.0,6609861.0,68.7,1.91,31.3,4.86,44.95,30.24,77.26,7.54,4.79,13.57,-18.766947,46.869107,POINT (-18.766947 46.869107),906345.5886400001
Morocco,2009-01-01,0.0,0.0,0,47.8125,4.975,3.5,32042877.0,13633603.0,18409274.0,42.55,-0.09,57.45,2.23,75.82,50.51,94.56,79.54,64.97,90.33,31.7945,-7.0849,POINT (31.7945 -7.0849),0.0
Mozambique,2009-01-01,402.3,93874.0,26 467 ,61.830000000000005,39.1,0.0,22436660.0,15407703.0,7028957.0,68.67,2.02,31.33,4.33,37.85,22.59,71.3,19.69,9.27,42.54,-18.665695,35.529562,POINT (-18.665695 35.529562),9026268.318
Namibia,2009-01-01,3.36,505.0,20 ,34.0,20.3,2.3,2067919.0,1228323.0,839596.0,59.4,0.15,40.6,4.33,79.79,67.93,97.15,31.76,15.86,55.02,-22.95764,18.49041,POINT (-22.95764 18.49041),6948.207839999999
Niger,2009-01-01,419.1,309675.0,22 734 ,43.0,87.88333333333333,1.7,16037915.0,13435763.0,2602152.0,83.78,3.81,16.23,3.79,43.86,35.16,88.81,10.09,5.15,35.57,17.607789,8.081666,POINT (17.607789 8.081666),6721490.176500001
Nigeria,2009-01-01,416.59,479845.0,210 258 ,48.3,87.9375,3.9,156595758.0,89904757.0,66691001.0,57.41,1.13,42.59,4.77,60.42,45.74,80.21,33.7,30.0,38.68,9.081999,8.675277,POINT (9.081999 8.675276999999999),65236226.825219996
Rwanda,2009-01-01,158.16,698745.0,2 854 ,14.1,0.2,4.2,10043737.0,8343332.0,1700405.0,83.07,2.67,16.93,2.7,52.06,47.04,76.73,57.04,56.94,57.53,-1.940278,29.873888,POINT (-1.940278 29.873888),1588517.4439199998
Sao Tome and Principe,2009-01-01,35.15,6182.0,23,56.0,8.4,5.0,178128.0,64441.0,113687.0,36.18,-0.37,63.82,4.55,75.95,68.5,80.18,32.58,22.46,38.32,0.18636,6.613081,POINT (0.18636 6.613081),6261.199199999999
Senegal,2009-01-01,57.12,165933.0,3 917 ,29.0,9.1,15.4,12195029.0,6907386.0,5287643.0,56.64,1.99,43.36,3.67,70.86,55.47,90.97,45.75,31.39,64.5,14.497401,-14.452362,POINT (14.497401 -14.452362),696580.05648
Seychelles,2009-01-01,57.12,165933.0,3 917 ,78.9,29.3,8.4,87298.0,41057.0,46241.0,47.03,-0.35,52.97,1.06,95.52,55.47,90.97,97.96,31.39,64.5,-4.679574,55.491977,POINT (-4.679574 55.491977),4986.46176
Sierra Leone,2009-01-01,442.15,646808.0,14 149 ,83.63749999999999,76.2,24.0,6259842.0,3851931.0,2407911.0,61.53,1.61,38.47,3.26,50.64,37.22,72.1,12.87,6.53,23.01,8.460555,-11.779889,POINT (8.460554999999999 -11.779889),2767789.1402999996
Somalia,2009-01-01,38.44,25202.0,1 152 ,80.775,85.6,1.0,11730037.0,7314265.0,4415772.0,62.36,0.19,37.65,7.21,37.64,19.89,67.02,27.47,12.56,52.15,5.152149,46.199616,POINT (5.152149 46.199616),450902.62228
South Africa,2009-01-01,1.2,6072.0,45,69.86250000000001,90.3,7.2,51170779.0,19605061.0,31565718.0,38.31,0.01,61.69,2.26,89.16,73.86,98.65,68.08,58.77,73.87,-30.559482,22.937506,POINT (-30.559482 22.937506),61404.9348
South Sudan,2009-01-01,255.07,0.0,6 342 ,25.3,35.8,0.0,9229227.0,7595562.0,1633665.0,82.3,4.36,17.7,5.36,89.16,73.86,98.65,68.08,58.77,73.87,6.876991,31.306978,POINT (6.876991 31.306978),2354098.93089
Sudan,2009-01-01,32.29,711462.0,2 866 ,25.3,35.8,9.0,32948155.0,22077570.0,10870585.0,67.01,2.05,32.99,2.39,50.46,42.76,66.12,26.92,16.39,48.3,12.862807,30.217636,POINT (12.862807 30.217636),1063895.92495
Togo,2009-01-01,326.88,571611.0,4 142 ,38.39,35.8,3.0,6398624.0,4027422.0,2371202.0,62.94,1.97,37.06,3.99,56.18,39.58,84.36,12.91,4.71,26.83,8.619543,0.824782,POINT (8.619543 0.824782),2091582.21312
Tunisia,2009-01-01,326.88,571611.0,4 142 ,46.019999999999996,35.8,6.1,10784504.0,3626182.0,7158322.0,33.62,0.22,66.38,1.49,91.69,77.05,99.1,85.18,66.58,94.6,33.886917,9.537499,POINT (33.886917 9.537499),3525238.66752
Uganda,2009-01-01,433.79,1301337.0,29 622 ,32.8,59.6,17.0,31412520.0,25482464.0,5930056.0,81.12,2.56,18.88,5.82,37.96,29.84,72.87,18.15,15.81,28.2,1.373333,32.290275,POINT (1.373333 32.290275),13626437.050800001
Zambia,2009-01-01,172.0,0.0,6 701 ,27.9,59.6,33.2,13318087.0,8142545.0,5175542.0,61.14,2.02,38.86,4.08,55.21,36.91,84.0,25.19,15.47,40.48,-13.133897,27.849332,POINT (-13.133897 27.849332),2290710.9639999997
Zimbabwe,2009-01-01,90.5,114028.0,2 276 ,17.3,23.6,7.0,12679810.0,8447543.0,4232267.0,66.62,1.46,33.38,0.64,68.03,54.77,94.49,41.77,34.08,57.11,-19.015438,29.154857,POINT (-19.015438 29.154857),1147522.805
Algeria,2010-01-01,0.0,1.0,1,32.875,23.6,6.5,35856344.0,11638969.0,24217375.0,32.46,-0.37,67.54,2.87,92.39,86.9,95.03,86.56,78.91,90.24,28.033886,1.659626,POINT (28.033886 1.659626),0.0
Angola,2010-01-01,185.52,1682870.0,12 398 ,3.25,23.6,46.5,23364185.0,9396374.0,13967811.0,40.22,1.83,59.78,4.93,50.38,24.88,67.53,41.06,16.77,57.4,-11.202692,17.873887,POINT (-11.202692 17.873887),4334523.6012
Benin,2010-01-01,387.76,0.0,8 632 ,29.1,23.6,46.6,9445710.0,5375270.0,4070440.0,56.91,1.91,43.09,4.0,64.69,56.07,76.08,13.39,5.45,23.87,9.30769,2.315834,POINT (9.307689999999999 2.315834),3662668.5095999995
Botswana,2010-01-01,1.69,1046.0,5 ,43.8125,23.6,0.0,2091664.0,786215.0,1305449.0,37.59,-2.14,62.41,4.1,83.05,62.91,95.18,66.84,43.22,81.06,-22.328474,24.684866,POINT (-22.328474 24.684866),3534.9121600000003
Burkina Faso,2010-01-01,551.24,804539.0,35 034 ,47.4,35.1,5.2,16116845.0,12146783.0,3970062.0,75.37,2.29,24.63,5.29,50.82,42.19,77.25,16.98,8.0,44.45,12.238333,-1.561593,POINT (12.238333 -1.561593),8884249.6378
Burundi,2010-01-01,210.2,1763447.0,5 051 ,45.3,17.2,0.3,9126605.0,8155352.0,971253.0,89.36,2.96,10.64,5.79,56.52,52.94,86.61,45.93,46.32,42.67,-3.373056,29.918886,POINT (-3.373056 29.918886),1918412.3709999998
Cabo Verde,2010-01-01,0.37,47.0,1,48.05,17.2,0.0,521212.0,198994.0,322218.0,38.18,-0.86,61.82,2.53,83.02,71.32,90.24,60.94,46.03,70.14,16.002082,-24.013197,POINT (16.002082 -24.013197),192.84843999999998
Cameroon,2010-01-01,295.53,0.0,13 328 ,74.6875,17.2,0.0,19878036.0,9629119.0,10248917.0,48.44,1.51,51.56,3.93,60.25,39.03,80.19,39.03,21.23,55.75,7.369722,12.354722,POINT (7.369722 12.354722),5874555.979079999
Central African Republic,2010-01-01,434.51,0.0,7 803 ,36.4,34.1,13.58270713,4660067.0,2847115.0,1812952.0,61.1,0.78,38.9,1.67,48.01,35.55,67.59,23.07,8.94,45.26,6.611111,20.939444,POINT (6.611111 20.939444),2024845.71217
Chad,2010-01-01,225.94,200448.0,11 829 ,9.8,42.7,6.063132461,11894727.0,9279671.0,2615056.0,78.02,3.27,21.99,3.57,39.82,30.49,72.95,10.37,4.52,31.14,15.454166,18.732207,POINT (15.454166 18.732207),2687494.6183800003
Djibouti,2010-01-01,1.6,1010.0,2 ,82.875,42.7,8.636363636363637,919199.0,211425.0,707774.0,23.0,1.24,77.0,1.56,75.51,50.21,83.07,54.84,15.39,66.62,11.825138,42.590275,POINT (11.825138 42.590275),1470.7184
Equatorial Guinea,2010-01-01,339.99,53813.0,598 ,25.670000000000005,42.7,26.90909090909091,1094524.0,372795.0,721729.0,34.06,0.02,65.94,6.99,60.44,32.6,74.82,63.83,54.55,68.63,1.650801,10.267895,POINT (1.650801 10.267895),372127.21475999994
Eritrea,2010-01-01,26.33,35982.0,161 ,20.4,1.5,37.9,3147727.0,2040514.0,1107213.0,64.83,0.7,35.18,3.3,49.98,28.33,89.87,11.2,4.86,22.88,15.179384,39.782334,POINT (15.179384 39.782334),82879.65190999999
Eswatini,2010-01-01,0.9,268.0,0 ,1.5,1.7,1.117003718,1099920.0,852658.0,247262.0,77.52,0.41,22.48,1.67,62.75,54.0,92.92,55.32,54.59,57.86,-26.522503,31.465866,POINT (-26.522503 31.465866),989.9280000000001
Gabon,2010-01-01,177.82,13936.0,252 ,43.3125,1.7,0.0,1711105.0,247546.0,1463559.0,14.47,-0.46,85.53,4.14,84.01,49.35,89.87,43.38,35.67,44.68,-0.803689,11.609444,POINT (-0.803689 11.609444),304268.6911
Ghana,2010-01-01,364.15,1071637.0,15 810 ,16.4375,1.7,11.454545454545455,25574719.0,12605012.0,12969707.0,49.29,1.11,50.71,3.84,74.36,62.19,86.19,13.95,8.34,19.39,7.946527,-1.023194,POINT (7.946527 -1.023194),9313033.92385
Guinea,2010-01-01,414.66,20936.0,13 286 ,60.9,1.7,40.00909090909091,10270728.0,6811752.0,3458976.0,66.32,1.83,33.68,3.12,63.0,51.67,85.31,17.27,10.91,29.79,9.945587,-9.696645,POINT (9.945587 -9.696645),4258860.07248
Guinea-Bissau,2010-01-01,134.37,50391.0,806 ,35.5,51.2,46.6,1567220.0,938592.0,628628.0,59.89,1.92,40.11,3.56,61.71,49.07,80.57,16.92,6.96,31.8,11.7723,-15.1696,POINT (11.7723 -15.1696),210587.3514
Kenya,2010-01-01,67.71,898531.0,10 033 ,42.2,51.2,47.8,41517895.0,31731712.0,9786183.0,76.43,2.22,23.57,4.38,54.34,44.57,86.03,30.86,29.5,35.26,0.1769,37.9083,POINT (0.1769 37.9083),2811176.6704499996
Lesotho,2010-01-01,67.71,898531.0,10 033 ,46.974999999999994,51.2,38.27272727272727,2022747.0,1521146.0,501601.0,75.2,-0.4,24.8,2.33,67.96,61.31,88.12,29.98,28.45,34.64,-29.609988,28.233608,POINT (-29.609988 28.233608),136960.19937
Liberia,2010-01-01,345.77,922173.0,2 862 ,1.6666666666666667,51.2,51.9375,4019956.0,2097894.0,1922062.0,52.19,2.89,47.81,4.36,69.3,57.74,81.92,15.92,5.08,27.75,6.428055,-9.429499,POINT (6.428055 -9.429499),1389980.18612
Libya,2010-01-01,0.0,0.0,2 862 ,63.475,51.2,40.1,6491988.0,1424862.0,5067126.0,21.95,0.06,78.05,1.31,93.19,57.74,81.92,99.05,5.08,27.75,26.3351,17.228331,POINT (26.3351 17.228331),0.0
Madagascar,2010-01-01,42.24,202450.0,2 208 ,53.3125,51.2,42.6,21731053.0,14790589.0,6940464.0,68.06,1.86,31.94,4.81,46.1,30.98,78.31,7.9,5.0,14.08,-18.766947,46.869107,POINT (-18.766947 46.869107),917919.6787200001
Morocco,2010-01-01,0.0,0.0,0,80.87,51.2,51.666666666666664,32464865.0,13629400.0,18835465.0,41.98,-0.05,58.02,2.27,77.39,53.25,94.86,81.1,67.1,91.23,31.7945,-7.0849,POINT (31.7945 -7.0849),0.0
Mozambique,2010-01-01,398.41,1522577.0,26 605 ,93.44999999999999,51.2,0.0,23073723.0,15729357.0,7344366.0,68.17,2.01,31.83,4.33,40.06,24.72,72.92,20.86,10.17,43.76,-18.665695,35.529562,POINT (-18.665695 35.529562),9192801.980430001
Namibia,2010-01-01,1.54,556.0,6 ,43.375,51.2,68.5,2099271.0,1225638.0,873633.0,58.38,0.08,41.62,4.27,80.14,68.09,97.06,32.14,16.15,54.57,-22.95764,18.49041,POINT (-22.95764 18.49041),3232.8773400000005
Niger,2010-01-01,425.64,642774.0,24 628 ,63.7,51.2,29.5,16647543.0,13947145.0,2700398.0,83.78,3.85,16.22,3.82,44.7,36.27,88.24,10.56,5.52,36.63,17.607789,8.081666,POINT (17.607789 8.081666),7085860.202520001
Nigeria,2010-01-01,398.9,551187.0,197 589 ,29.4,49.1,5.7,160952853.0,90970553.0,69982300.0,56.52,1.11,43.48,4.74,61.81,46.96,81.1,34.31,30.1,39.78,9.081999,8.675277,POINT (9.081999 8.675276999999999),64204093.061699994
Rwanda,2010-01-01,126.31,669322.0,2 871 ,69.6,10.8,72.8,10309031.0,8563300.0,1745731.0,83.07,2.58,16.93,2.61,52.75,47.72,77.41,58.26,58.54,56.85,-1.940278,29.873888,POINT (-1.940278 29.873888),1302133.70561
Sao Tome and Principe,2010-01-01,15.19,2740.0,14,10.180000000000001,10.8,37.4,182138.0,63836.0,118302.0,35.05,-0.65,64.95,4.28,77.2,69.68,81.26,34.03,23.62,39.65,0.18636,6.613081,POINT (0.18636 6.613081),2766.67622
Senegal,2010-01-01,59.28,330331.0,3 908 ,5.725,10.8,29.7875,12530121.0,7045311.0,5484810.0,56.23,2.01,43.77,3.69,72.1,57.28,91.14,46.49,32.4,64.59,14.497401,-14.452362,POINT (14.497401 -14.452362),742785.57288
Seychelles,2010-01-01,59.28,330331.0,3 908 ,2.7624999999999997,10.8,10.290909090909091,89770.0,41890.0,47880.0,46.66,2.01,53.34,3.48,95.77,57.28,91.14,98.39,32.4,64.59,-4.679574,55.491977,POINT (-4.679574 55.491977),5321.5656
Sierra Leone,2010-01-01,458.74,934028.0,15 137 ,30.3,62.1,17.54263277,6436698.0,3935655.0,2501043.0,61.14,1.62,38.86,3.26,51.94,38.83,72.57,13.2,6.77,23.33,8.460555,-11.779889,POINT (8.460554999999999 -11.779889),2952770.84052
Somalia,2010-01-01,29.59,24833.0,1 347 ,5.2125,62.1,2.5454545454545454,12026649.0,7298973.0,4727676.0,60.69,0.04,39.31,7.07,39.98,21.2,68.97,29.07,13.41,53.23,5.152149,46.199616,POINT (5.152149 46.199616),355868.54391
South Africa,2010-01-01,1.57,8060.0,83,8.537500000000001,62.1,0.0,51784921.0,19565379.0,32219542.0,37.78,0.06,62.22,2.31,89.63,74.71,98.69,69.08,60.68,74.17,-30.559482,22.937506,POINT (-30.559482 22.937506),81302.32597
South Sudan,2010-01-01,243.97,900283.0,6 037 ,19.1,51.2,4.755756787,9714419.0,7979424.0,1734995.0,82.14,3.73,17.86,4.82,89.63,74.71,98.69,69.08,60.68,74.17,6.876991,31.306978,POINT (6.876991 31.306978),2370026.80343
Sudan,2010-01-01,30.66,720557.0,2 770 ,12.3125,65.0,0.438459589,33739933.0,22575727.0,11164206.0,66.91,2.08,33.09,2.52,51.87,44.25,67.28,28.24,17.5,49.95,12.862807,30.217636,POINT (12.862807 30.217636),1034466.34578
Togo,2010-01-01,308.88,1006702.0,3 917 ,57.1,33.8,17.48799174,6571855.0,4105241.0,2466614.0,62.47,1.94,37.53,3.97,57.3,40.69,84.95,13.29,5.01,27.06,8.619543,0.824782,POINT (8.619543 0.824782),2029914.5724
Tunisia,2010-01-01,308.88,1006702.0,3 917 ,13.14,33.8,17.5,10895063.0,3632741.0,7262322.0,33.34,0.2,66.66,1.46,92.46,78.91,99.24,86.09,68.83,94.72,33.886917,9.537499,POINT (33.886917 9.537499),3365267.05944
Uganda,2010-01-01,417.35,1581160.0,27 679 ,0.9,33.8,0.0,32341728.0,26072931.0,6268797.0,80.62,2.56,19.38,5.83,39.3,31.17,73.15,18.21,15.87,27.93,1.373333,32.290275,POINT (1.373333 32.290275),13497820.1808
Zambia,2010-01-01,177.02,0.0,6 770 ,50.0,34.0,29.1,13792086.0,8364211.0,5427875.0,60.65,2.1,39.36,4.18,55.81,37.54,83.97,25.33,15.9,39.87,-13.133897,27.849332,POINT (-13.133897 27.849332),2441475.06372
Zimbabwe,2010-01-01,109.43,249379.0,2 810 ,0.3875,34.0,23.8875,12839771.0,8577481.0,4262290.0,66.8,1.63,33.2,0.81,67.51,54.14,94.43,41.05,33.75,55.76,-19.015438,29.154857,POINT (-19.015438 29.154857),1405056.1405300002
Algeria,2011-01-01,0.0,1.0,0,3.825,34.0,0.0,36543541.0,11607690.0,24935851.0,31.76,-0.28,68.24,2.91,92.62,87.26,95.11,86.77,79.57,90.12,28.033886,1.659626,POINT (28.033886 1.659626),0.0
Angola,2011-01-01,175.99,1632282.0,11 832 ,25.9,28.3,8.4,24259111.0,9575556.0,14683555.0,39.47,1.76,60.53,4.87,51.17,25.25,68.08,42.33,17.69,58.39,-11.202692,17.873887,POINT (-11.202692 17.873887),4269360.94489
Benin,2011-01-01,370.11,68745.0,8 348 ,4.8100000000000005,28.3,18.55454545454546,9726380.0,5484900.0,4241480.0,56.39,1.89,43.61,3.99,64.98,56.44,76.02,13.94,5.86,24.39,9.30769,2.315834,POINT (9.307689999999999 2.315834),3599830.5017999997
Botswana,2011-01-01,0.51,432.0,1 ,2.875,28.3,3.4545454545454546,2134037.0,771134.0,1362903.0,36.14,-2.53,63.87,3.72,84.34,64.7,95.45,68.59,44.32,82.33,-22.328474,24.684866,POINT (-22.328474 24.684866),1088.35887
Burkina Faso,2011-01-01,539.56,428113.0,33 208 ,3.2,28.3,0.0,16602651.0,12419447.0,4183204.0,74.8,2.26,25.2,5.27,50.37,41.19,77.63,17.39,8.52,43.75,12.238333,-1.561593,POINT (12.238333 -1.561593),8958126.37356
Burundi,2011-01-01,184.15,1575237.0,4 773 ,48.9875,28.3,6.4,9455733.0,8423640.0,1032093.0,89.09,2.9,10.92,5.74,57.13,53.46,87.06,45.93,46.34,42.59,-3.373056,29.918886,POINT (-3.373056 29.918886),1741273.2319500002
Cabo Verde,2011-01-01,0.05,7.0,1,39.625,28.3,33.8,527521.0,198759.0,328762.0,37.68,-0.07,62.32,2.06,83.51,71.42,90.82,62.86,48.41,71.6,16.002082,-24.013197,POINT (16.002082 -24.013197),26.37605
Cameroon,2011-01-01,265.1,33086.0,12 280 ,21.0,23.1,12.0,20448873.0,9781923.0,10666950.0,47.84,1.48,52.16,3.91,60.27,39.06,79.72,38.98,20.65,55.79,7.369722,12.354722,POINT (7.369722 12.354722),5420996.2323
Central African Republic,2011-01-01,419.33,0.0,7 045 ,58.45,23.1,39.8,4732022.0,2880145.0,1851877.0,60.87,0.35,39.14,1.32,46.98,34.65,66.16,23.94,9.0,47.18,6.611111,20.939444,POINT (6.611111 20.939444),1984278.7852599998
Chad,2011-01-01,210.48,181126.0,11 550 ,47.7375,23.1,0.0,12317730.0,9601178.0,2716552.0,77.95,3.28,22.05,3.68,39.65,30.35,72.53,10.03,4.08,31.08,15.454166,18.732207,POINT (15.454166 18.732207),2592635.8104
Djibouti,2011-01-01,3.42,2189.0,5 ,56.95,23.1,10.9,936811.0,214867.0,721944.0,22.94,1.31,77.06,1.68,75.52,49.76,83.19,56.09,15.96,68.03,11.825138,42.590275,POINT (11.825138 42.590275),3203.89362
Equatorial Guinea,2011-01-01,342.4,22466.0,617 ,23.0,33.2,24.3,1144588.0,372128.0,772460.0,32.51,-0.17,67.49,6.8,61.63,31.99,75.91,64.63,55.45,69.05,1.650801,10.267895,POINT (1.650801 10.267895),391906.93119999993
Eritrea,2011-01-01,23.86,34848.0,141 ,48.37,33.2,28.6,3207570.0,2060190.0,1147380.0,64.23,0.44,35.77,3.04,50.15,28.07,89.8,11.37,5.21,22.44,15.179384,39.782334,POINT (15.179384 39.782334),76532.6202
Eswatini,2011-01-01,1.83,549.0,0 ,5.22,33.2,21.0,1105371.0,854452.0,250919.0,77.3,0.39,22.7,1.65,63.82,55.09,93.56,55.84,55.59,56.71,-26.522503,31.465866,POINT (-26.522503 31.465866),2022.8289300000004
Gabon,2011-01-01,212.72,0.0,283 ,85.0625,33.2,10.018181818181818,1772500.0,246519.0,1525981.0,13.91,-0.28,86.09,4.31,84.3,50.45,89.76,44.31,36.16,45.63,-0.803689,11.609444,POINT (-0.803689 11.609444),377046.2
Ghana,2011-01-01,379.52,1041260.0,16 841 ,39.0,52.6,39.38870369,26205941.0,12737660.0,13468281.0,48.61,1.03,51.39,3.76,75.37,62.97,87.1,14.57,8.83,20.0,7.946527,-1.023194,POINT (7.946527 -1.023194),9945678.728319999
Guinea,2011-01-01,426.9,95574.0,13 841 ,44.5,52.6,6.9,10527712.0,6951869.0,3575843.0,66.03,1.78,33.97,3.07,62.9,51.34,85.37,18.02,11.73,30.24,9.945587,-9.696645,POINT (9.945587 -9.696645),4494280.2528
Guinea-Bissau,2011-01-01,140.55,71982.0,812 ,17.4,52.6,13.4,1609017.0,957236.0,651781.0,59.49,1.95,40.51,3.6,62.52,49.82,81.17,17.49,7.18,32.64,11.7723,-15.1696,POINT (11.7723 -15.1696),226147.33935000002
Kenya,2011-01-01,67.86,1002805.0,10 371 ,41.52,52.6,10.3,42635144.0,32415926.0,10219218.0,76.03,2.17,23.97,4.37,55.01,45.3,85.83,30.59,29.14,35.18,0.1769,37.9083,POINT (0.1769 37.9083),2893220.87184
Lesotho,2011-01-01,67.86,1002805.0,10 371 ,47.45,52.6,1.0,2037677.0,1521941.0,515736.0,74.69,-0.27,25.31,2.45,68.07,61.0,88.92,31.87,30.54,35.81,-29.609988,28.233608,POINT (-29.609988 28.233608),138276.76122
Liberia,2011-01-01,330.41,1921159.0,2 738 ,37.1,57.1,26.5,4181150.0,2166128.0,2015022.0,51.81,2.46,48.19,3.98,69.84,58.37,82.18,16.08,5.19,27.78,6.428055,-9.429499,POINT (6.428055 -9.429499),1381493.7715
Libya,2011-01-01,0.0,0.0,2 738 ,40.1,57.1,0.0,6188132.0,1344248.0,4843884.0,21.72,-0.23,78.28,1.09,94.08,58.37,82.18,99.21,5.19,27.78,26.3351,17.228331,POINT (26.3351 17.228331),0.0
Madagascar,2011-01-01,36.55,224498.0,2 035 ,76.5,19.8,4.8,22348158.0,15067128.0,7281030.0,67.42,1.81,32.58,4.75,47.25,31.73,79.37,8.26,5.2,14.59,-18.766947,46.869107,POINT (-18.766947 46.869107),816825.1748999999
Morocco,2011-01-01,0.0,0.0,0,49.7625,19.8,39.75454545454546,32903699.0,13628383.0,19275316.0,41.42,0.0,58.58,2.31,78.96,56.04,95.16,82.65,69.24,92.13,31.7945,-7.0849,POINT (31.7945 -7.0849),0.0
Mozambique,2011-01-01,389.92,1756874.0,25 707 ,35.7,29.9,9.5,23760421.0,16077251.0,7683170.0,67.66,2.0,32.34,4.33,42.28,26.86,74.54,22.03,11.07,44.97,-18.665695,35.529562,POINT (-18.665695 35.529562),9264663.35632
Namibia,2011-01-01,2.13,1860.0,7 ,28.6375,29.9,0.0,2132340.0,1223174.0,909166.0,57.36,0.01,42.64,4.19,80.49,68.25,96.97,32.51,16.44,54.12,-22.95764,18.49041,POINT (-22.95764 18.49041),4541.8842
Niger,2011-01-01,427.88,838585.0,25 514 ,37.230000000000004,29.9,41.0,17283112.0,14480483.0,2802629.0,83.78,3.88,16.22,3.85,45.53,37.37,87.68,11.02,5.86,37.69,17.607789,8.081666,POINT (17.607789 8.081666),7395097.96256
Nigeria,2011-01-01,372.56,0.0,184 090 ,16.4,44.6,5.953138182,165463745.0,92054100.0,73409645.0,55.63,1.1,44.37,4.7,63.19,48.19,82.0,34.94,30.2,40.89,9.081999,8.675277,POINT (9.081999 8.675276999999999),61645172.8372
Rwanda,2011-01-01,39.29,273293.0,2 820 ,69.6,44.6,0.0,10576932.0,8785411.0,1791521.0,83.06,2.49,16.94,2.52,53.44,48.42,78.09,59.47,60.14,56.17,-1.940278,29.873888,POINT (-1.940278 29.873888),415567.65828000003
Sao Tome and Principe,2011-01-01,45.75,8442.0,19,44.040000000000006,44.6,41.1,186044.0,63136.0,122908.0,33.94,-0.95,66.06,3.97,78.45,70.87,82.35,35.49,24.8,40.98,0.18636,6.613081,POINT (0.18636 6.613081),8511.513
Senegal,2011-01-01,49.91,274119.0,3 873 ,34.5,8.2,13.2,12875880.0,7186286.0,5689594.0,55.81,2.03,44.19,3.71,73.34,59.11,91.3,47.23,33.42,64.66,14.497401,-14.452362,POINT (14.497401 -14.452362),642635.1708
Seychelles,2011-01-01,49.91,274119.0,3 873 ,26.2,8.2,10.590909090909092,87441.0,40468.0,46973.0,46.28,-3.45,53.72,-1.91,96.03,59.11,91.3,98.81,33.42,64.66,-4.679574,55.491977,POINT (-4.679574 55.491977),4364.18031
Sierra Leone,2011-01-01,453.65,638859.0,14 951 ,45.1625,8.2,1.7272727272727273,6612385.0,4017156.0,2595229.0,60.75,1.63,39.25,3.28,53.23,40.44,73.03,13.55,7.01,23.66,8.460555,-11.779889,POINT (8.460554999999999 -11.779889),2999708.45525
Somalia,2011-01-01,24.35,3351.0,1 128 ,57.375,8.2,15.4,12216837.0,7207934.0,5008903.0,59.0,-0.1,41.0,6.93,42.31,22.42,70.94,30.71,14.29,54.32,5.152149,46.199616,POINT (5.152149 46.199616),297479.98095
South Africa,2011-01-01,1.9,9866.0,54,81.25,8.2,26.9,52443325.0,19537236.0,32906089.0,37.25,0.12,62.75,2.37,90.09,75.56,98.72,70.06,62.62,74.48,-30.559482,22.937506,POINT (-30.559482 22.937506),99642.31749999999
South Sudan,2011-01-01,235.87,112024.0,5 784 ,69.325,8.2,0.0,10243050.0,8396023.0,1847027.0,81.97,3.12,18.03,4.29,41.09,38.68,52.01,6.63,3.95,18.81,6.876991,31.306978,POINT (6.876991 31.306978),2416028.2035
Sudan,2011-01-01,29.97,506806.0,2 820 ,40.9,8.2,7.5,34419624.0,22989899.0,11429725.0,66.79,2.13,33.21,2.66,53.28,45.74,68.44,29.57,18.61,51.62,12.862807,30.217636,POINT (12.862807 30.217636),1031556.1312800001
Togo,2011-01-01,313.4,519450.0,3 917 ,47.25,8.2,0.0,6748672.0,4182017.0,2566655.0,61.97,1.88,38.03,4.0,58.43,41.79,85.53,13.68,5.33,27.29,8.619543,0.824782,POINT (8.619543 0.824782),2115033.8047999996
Tunisia,2011-01-01,313.4,519450.0,3 917 ,75.88,8.2,0.0,11032528.0,3647574.0,7384954.0,33.06,0.15,66.94,1.42,93.23,80.78,99.38,86.99,71.12,94.83,33.886917,9.537499,POINT (33.886917 9.537499),3457594.2752
Uganda,2011-01-01,385.7,231873.0,24 423 ,42.8,64.5,10.3,33295738.0,26670552.0,6625186.0,80.1,2.54,19.9,5.81,40.66,32.52,73.42,18.26,15.93,27.67,1.373333,32.290275,POINT (1.373333 32.290275),12842166.146599999
Zambia,2011-01-01,186.7,0.0,7 076 ,73.54999999999998,64.5,0.0,14265814.0,8580744.0,5685070.0,60.15,2.2,39.85,4.27,56.4,38.16,83.93,25.48,16.34,39.27,-13.133897,27.849332,POINT (-13.133897 27.849332),2663427.4738
Zimbabwe,2011-01-01,70.68,319935.0,1 837 ,9.7,2.3,5.0,13025785.0,8725322.0,4300463.0,66.99,1.81,33.02,0.99,67.0,53.51,94.37,40.35,33.42,54.4,-19.015438,29.154857,POINT (-19.015438 29.154857),920662.4838
Algeria,2012-01-01,0.03,55.0,0,80.225,2.3,21.1,37260563.0,11582446.0,25678117.0,31.08,-0.21,68.92,2.94,92.84,87.62,95.19,86.97,80.23,90.01,28.033886,1.659626,POINT (28.033886 1.659626),1117.81689
Angola,2012-01-01,174.43,1496834.0,11 461 ,67.66999999999999,2.3,36.9,25188292.0,9755929.0,15432363.0,38.73,1.71,61.27,4.81,51.97,25.61,68.63,43.59,18.61,59.38,-11.202692,17.873887,POINT (-11.202692 17.873887),4393593.773560001
Benin,2012-01-01,378.03,705839.0,8 738 ,69.7,38.4,10.0,10014078.0,5595366.0,4418712.0,55.88,1.88,44.13,3.98,65.26,56.81,75.97,14.51,6.29,24.91,9.30769,2.315834,POINT (9.307689999999999 2.315834),3785621.9063399998
Botswana,2012-01-01,0.22,193.0,0 ,30.9,38.4,13.7,2175425.0,766446.0,1408979.0,35.23,-1.34,64.77,2.6,85.42,66.49,95.72,70.15,45.42,83.6,-22.328474,24.684866,POINT (-22.328474 24.684866),478.59350000000006
Burkina Faso,2012-01-01,527.54,3858046.0,30 247 ,66.31000000000002,38.4,48.525,17113732.0,12704037.0,4409695.0,74.23,2.23,25.77,5.24,49.92,40.18,78.0,17.79,9.02,43.05,12.238333,-1.561593,POINT (12.238333 -1.561593),9028178.17928
Burundi,2012-01-01,153.93,2166690.0,4 664 ,53.8,25.4,0.0,9795479.0,8698973.0,1096506.0,88.81,2.85,11.19,5.68,57.74,53.98,87.51,45.92,46.35,42.49,-3.373056,29.918886,POINT (-3.373056 29.918886),1507818.08247
Cabo Verde,2012-01-01,0.01,1.0,0,5.666666666666667,25.4,29.700000000000003,533864.0,198485.0,335379.0,37.18,-0.06,62.82,2.07,84.01,71.52,91.4,64.78,50.79,73.06,16.002082,-24.013197,POINT (16.002082 -24.013197),5.338640000000001
Cameroon,2012-01-01,245.13,66656.0,12 327 ,16.4,25.4,18.700000000000003,21032684.0,9933947.0,11098737.0,47.23,1.46,52.77,3.88,60.28,39.08,79.25,38.93,20.07,55.82,7.369722,12.354722,POINT (7.369722 12.354722),5155741.82892
Central African Republic,2012-01-01,413.09,87566.0,6 770 ,40.675,25.4,36.2,4773306.0,2893196.0,1880110.0,60.61,-0.01,39.39,1.05,45.95,33.75,64.74,24.83,9.05,49.1,6.611111,20.939444,POINT (6.611111 20.939444),1971804.9755399998
Chad,2012-01-01,195.34,7710.0,11 321 ,43.125,25.4,30.3,12754906.0,9930715.0,2824191.0,77.86,3.26,22.14,3.77,39.49,30.21,72.11,9.71,3.66,31.0,15.454166,18.732207,POINT (15.454166 18.732207),2491543.3380400003
Djibouti,2012-01-01,3.31,2153.0,5 ,82.2875,25.4,14.181818181818182,954297.0,218171.0,736126.0,22.86,1.36,77.14,1.78,75.53,49.31,83.3,57.33,16.53,69.43,11.825138,42.590275,POINT (11.825138 42.590275),3158.72307
Equatorial Guinea,2012-01-01,357.75,15169.0,667 ,57.7,25.4,14.363636363636363,1193636.0,370027.0,823609.0,31.0,-0.37,69.0,6.61,62.85,31.38,76.99,65.41,56.35,69.47,1.650801,10.267895,POINT (1.650801 10.267895),427023.279
Eritrea,2012-01-01,16.15,21815.0,85 ,77.94999999999999,25.4,17.381818181818183,3252596.0,2069562.0,1183034.0,31.0,-0.37,69.0,6.61,50.33,27.8,89.74,11.54,5.56,21.99,15.179384,39.782334,POINT (15.179384 39.782334),52529.42539999999
Eswatini,2012-01-01,1.86,562.0,1 ,55.287499999999994,25.4,12.7,1111444.0,857490.0,253954.0,77.15,0.48,22.85,1.33,64.86,56.17,94.21,56.36,56.59,55.55,-26.522503,31.465866,POINT (-26.522503 31.465866),2067.28584
Gabon,2012-01-01,245.53,19753.0,318 ,38.8,25.9,6.8,1836705.0,245494.0,1591211.0,13.37,-0.19,86.63,4.42,84.56,51.52,89.65,45.25,36.64,46.58,-0.803689,11.609444,POINT (-0.803689 11.609444),450966.17864999996
Ghana,2012-01-01,374.29,3755166.0,16 282 ,78.01000000000002,25.9,17.4625,26858762.0,12872599.0,13986163.0,47.93,0.96,52.07,3.68,76.38,63.74,88.01,15.21,9.33,20.62,7.946527,-1.023194,POINT (7.946527 -1.023194),10052966.02898
Guinea,2012-01-01,427.8,340258.0,13 703 ,26.0,28.1,11.2,10788692.0,7093026.0,3695666.0,65.75,1.76,34.26,3.05,62.78,50.99,85.42,18.76,12.55,30.68,9.945587,-9.696645,POINT (9.945587 -9.696645),4615402.4376
Guinea-Bissau,2012-01-01,128.75,50381.0,797 ,46.88,28.1,2.5454545454545454,1652717.0,976624.0,676093.0,59.09,1.98,40.91,3.63,63.32,50.56,81.76,18.07,7.39,33.48,11.7723,-15.1696,POINT (11.7723 -15.1696),212787.31375
Kenya,2012-01-01,73.36,1453471.0,10 372 ,27.3,28.1,16.1,43725806.0,33067204.0,10658602.0,75.62,2.13,24.38,4.35,55.68,46.02,85.63,30.32,28.78,35.1,0.1769,37.9083,POINT (0.1769 37.9083),3207725.12816
Lesotho,2012-01-01,73.36,1453471.0,10 372 ,50.5,28.1,0.0,2054718.0,1526573.0,528145.0,74.3,0.03,25.7,2.1,68.16,60.7,89.72,33.72,32.6,36.97,-29.609988,28.233608,POINT (-29.609988 28.233608),150734.11247999998
Liberia,2012-01-01,307.9,1412629.0,2 574 ,54.137499999999996,28.1,40.1,4331740.0,2227251.0,2104489.0,51.42,2.14,48.58,3.71,70.38,59.0,82.43,16.23,5.31,27.8,6.428055,-9.429499,POINT (6.428055 -9.429499),1333742.7459999998
Libya,2012-01-01,0.0,0.0,2 574 ,77.625,28.1,32.3,5869870.0,1261318.0,4608552.0,21.49,-0.48,78.51,0.91,94.97,59.0,82.43,99.37,5.31,27.8,26.3351,17.228331,POINT (26.3351 17.228331),0.0
Madagascar,2012-01-01,71.36,402900.0,3 941 ,84.6875,28.1,27.4,22966240.0,15335247.0,7630993.0,66.77,1.77,33.23,4.7,48.41,32.48,80.43,8.62,5.4,15.11,-18.766947,46.869107,POINT (-18.766947 46.869107),1638870.8864000002
Morocco,2012-01-01,0.0,0.0,0,48.4,28.1,6.372727272727274,33352169.0,13627029.0,19725140.0,40.86,0.03,59.14,2.35,80.51,58.88,95.46,84.2,71.41,93.03,31.7945,-7.0849,POINT (31.7945 -7.0849),0.0
Mozambique,2012-01-01,381.78,1853276.0,24 925 ,45.2125,28.1,0.0,24487611.0,16444410.0,8043201.0,67.15,2.0,32.85,4.32,44.5,29.01,76.17,23.22,11.99,46.19,-18.665695,35.529562,POINT (-18.665695 35.529562),9348880.12758
Namibia,2012-01-01,3.36,194.0,13 ,2.2,28.1,11.163636363636364,2167470.0,1220437.0,947033.0,56.31,-0.11,43.69,4.2,80.85,68.41,96.87,32.87,16.74,53.67,-22.95764,18.49041,POINT (-22.95764 18.49041),7282.699199999999
Niger,2012-01-01,430.51,2329260.0,25 584 ,20.1,19.2,9.1,17954407.0,15043639.0,2910768.0,83.79,3.9,16.21,3.87,46.34,38.45,87.11,11.47,6.2,38.73,17.607789,8.081666,POINT (17.607789 8.081666),7729551.757569999
Nigeria,2012-01-01,347.74,0.0,173 305 ,1.0,19.2,0.0,170075932.0,93123376.0,76952556.0,54.75,1.09,45.25,4.64,64.57,49.42,82.9,35.59,30.29,42.02,9.081999,8.675277,POINT (9.081999 8.675276999999999),59142204.59368
Rwanda,2012-01-01,71.46,563852.0,2 778 ,11.75,19.2,0.0,10840334.0,9003656.0,1836678.0,83.06,2.45,16.94,2.49,54.14,49.11,78.77,60.67,61.73,55.48,-1.940278,29.873888,POINT (-1.940278 29.873888),774650.26764
Sao Tome and Principe,2012-01-01,56.8,10701.0,7,37.25,19.2,0.0,189924.0,62371.0,127553.0,32.84,-1.2,67.16,3.73,79.71,72.07,83.44,36.96,26.01,42.32,0.18636,6.613081,POINT (0.18636 6.613081),10787.6832
Senegal,2012-01-01,56.92,280241.0,3 792 ,16.125,19.2,0.0,13231833.0,7330039.0,5901794.0,55.4,2.04,44.6,3.72,74.57,60.96,91.47,47.95,34.44,64.73,14.497401,-14.452362,POINT (14.497401 -14.452362),753155.9343600001
Seychelles,2012-01-01,56.92,280241.0,3 792 ,66.6625,19.2,0.0,88303.0,40513.0,47790.0,45.88,0.11,54.12,1.72,96.23,60.96,91.47,99.24,34.44,64.73,-4.679574,55.491977,POINT (-4.679574 55.491977),5026.20676
Sierra Leone,2012-01-01,447.47,1537322.0,14 051 ,81.8375,19.2,0.0,6788587.0,4097455.0,2691132.0,60.36,1.6,39.64,3.25,54.51,42.05,73.49,13.89,7.26,23.99,8.460555,-11.779889,POINT (8.460554999999999 -11.779889),3037689.0248900005
Somalia,2012-01-01,24.45,35712.0,1 162 ,51.875,19.2,0.0,12440326.0,7270375.0,5169951.0,58.44,1.75,41.56,4.06,44.07,23.57,72.91,31.92,15.2,55.43,5.152149,46.199616,POINT (5.152149 46.199616),304165.97069999995
South Africa,2012-01-01,1.25,6621.0,72,6.75,19.2,0.0,53145033.0,19519108.0,33625925.0,36.73,0.16,63.27,2.42,90.55,76.42,98.75,71.03,64.58,74.78,-30.559482,22.937506,POINT (-30.559482 22.937506),66431.29125000001
South Sudan,2012-01-01,232.68,225371.0,5 687 ,23.07,19.2,0.0,10701604.0,8752093.0,1949511.0,81.78,2.61,18.22,3.86,41.09,38.21,54.05,7.31,4.16,21.5,6.876991,31.306978,POINT (6.876991 31.306978),2490049.21872
Sudan,2012-01-01,30.16,526931.0,2 932 ,36.2,19.2,40.6,35159792.0,23435408.0,11724384.0,66.65,2.15,33.35,2.78,54.69,47.23,69.6,30.92,19.72,53.3,12.862807,30.217636,POINT (12.862807 30.217636),1060419.32672
Togo,2012-01-01,349.7,909129.0,4 389 ,72.1,19.2,9.5,6926635.0,4256694.0,2669941.0,61.45,1.83,38.55,4.0,59.56,42.89,86.12,14.08,5.65,27.52,8.619543,0.824782,POINT (8.619543 0.824782),2422244.2595
Tunisia,2012-01-01,349.7,909129.0,4 389 ,51.412499999999994,19.2,14.1,11174383.0,3663186.0,7511197.0,32.78,0.12,67.22,1.39,94.0,82.68,99.52,87.9,73.45,94.95,33.886917,9.537499,POINT (33.886917 9.537499),3907681.7350999997
Uganda,2012-01-01,331.77,2662258.0,20 233 ,39.7375,19.2,42.154545454545456,34273295.0,27273317.0,6999978.0,79.58,2.52,20.42,5.79,42.03,33.9,73.7,18.31,15.98,27.4,1.373333,32.290275,POINT (1.373333 32.290275),11370851.08215
Zambia,2012-01-01,203.08,0.0,7 388 ,57.0,36.9,52.4,14744658.0,8794599.0,5950059.0,59.65,2.26,40.35,4.36,56.99,38.78,83.89,25.61,16.78,38.66,-13.133897,27.849332,POINT (-13.133897 27.849332),2994345.14664
Zimbabwe,2012-01-01,57.22,276963.0,1 512 ,10.459999999999999,36.9,47.1,13265331.0,8909792.0,4355539.0,67.17,1.97,32.83,1.15,66.49,52.89,94.3,39.64,33.09,53.05,-19.015438,29.154857,POINT (-19.015438 29.154857),759042.23982
Algeria,2013-01-01,0.0,8.0,0,16.9625,36.9,5.2,38000626.0,11561310.0,26439316.0,30.42,-0.15,69.58,2.96,93.06,87.98,95.28,87.16,80.89,89.9,28.033886,1.659626,POINT (28.033886 1.659626),0.0
Angola,2013-01-01,180.9,1999868.0,11 586 ,34.01,36.9,31.9,26147002.0,9935338.0,16211664.0,38.0,1.64,62.0,4.74,52.76,25.98,69.17,44.85,19.54,60.37,-11.202692,17.873887,POINT (-11.202692 17.873887),4729992.6618
Benin,2013-01-01,395.0,1090602.0,9 774 ,5.389999999999999,36.9,45.2,10308730.0,5706707.0,4602023.0,55.36,1.86,44.64,3.96,65.54,57.17,75.91,15.08,6.74,25.43,9.30769,2.315834,POINT (9.307689999999999 2.315834),4071948.3499999996
Botswana,2013-01-01,0.53,456.0,1 ,10.1,36.9,10.00909090909091,2217278.0,763364.0,1453914.0,34.43,-1.19,65.57,2.35,86.46,68.28,96.0,71.68,46.53,84.89,-22.328474,24.684866,POINT (-22.328474 24.684866),1175.15734
Burkina Faso,2013-01-01,487.52,3769051.0,25 694 ,53.3125,36.9,23.781818181818185,17636408.0,12989920.0,4646488.0,73.65,2.2,26.35,5.2,49.49,39.16,78.37,18.16,9.51,42.33,12.238333,-1.561593,POINT (12.238333 -1.561593),8598101.62816
Burundi,2013-01-01,140.59,4178338.0,4 535 ,24.3875,36.9,18.6,10149577.0,8984203.0,1165374.0,88.52,2.81,11.48,5.67,58.35,54.51,87.97,45.91,46.37,42.38,-3.373056,29.918886,POINT (-3.373056 29.918886),1426929.03043
Cabo Verde,2013-01-01,0.17,22.0,0,20.625,36.9,36.3,539940.0,198066.0,341874.0,36.68,-0.06,63.32,2.07,84.52,71.62,91.99,66.69,53.17,74.52,16.002082,-24.013197,POINT (16.002082 -24.013197),91.78980000000001
Cameroon,2013-01-01,243.04,69232.0,12 467 ,24.7625,36.9,6.7272727272727275,21632850.0,10086749.0,11546101.0,46.63,1.43,53.37,3.86,60.27,39.08,78.78,38.9,19.49,55.85,7.369722,12.354722,POINT (7.369722 12.354722),5257647.863999999
Central African Republic,2013-01-01,406.82,163701.0,6 361 ,15.75,36.9,3.127272727272728,4802428.0,2897641.0,1904787.0,60.34,-0.2,39.66,0.96,46.04,33.75,64.74,24.94,9.05,49.1,6.611111,20.939444,POINT (6.611111 20.939444),1953723.75896
Chad,2013-01-01,179.35,754565.0,11 158 ,42.25,36.9,0.6125,13216766.0,10276300.0,2940466.0,77.75,3.21,22.25,3.83,39.32,30.07,71.68,9.4,3.26,30.88,15.454166,18.732207,POINT (15.454166 18.732207),2370426.9820999997
Djibouti,2013-01-01,2.54,1684.0,4 ,43.0,36.9,9.9,971753.0,221346.0,750407.0,22.78,1.36,77.22,1.84,75.54,48.86,83.41,58.59,17.11,70.82,11.825138,42.590275,POINT (11.825138 42.590275),2468.25262
Equatorial Guinea,2013-01-01,365.75,16405.0,735 ,60.29999999999999,36.9,33.9,1243941.0,378855.0,865086.0,30.46,2.52,69.54,5.08,63.67,30.78,78.08,66.05,57.25,69.9,1.650801,10.267895,POINT (1.650801 10.267895),454971.42075
Eritrea,2013-01-01,15.03,21317.0,88 ,21.770000000000003,36.9,14.9,3296367.0,2077403.0,1218964.0,30.46,2.52,69.54,5.08,50.71,27.8,89.74,11.64,5.56,21.99,15.179384,39.782334,POINT (15.179384 39.782334),49544.396010000004
Eswatini,2013-01-01,3.16,962.0,1 ,76.3,36.9,0.0,1118319.0,861117.0,257202.0,77.0,0.5,23.0,1.35,65.9,57.25,94.85,56.87,57.6,54.39,-26.522503,31.465866,POINT (-26.522503 31.465866),3533.88804
Gabon,2013-01-01,272.83,28982.0,360 ,1.0,36.9,9.145454545454548,1902226.0,244322.0,1657904.0,12.84,-0.2,87.16,4.38,84.79,52.57,89.54,46.19,37.11,47.53,-0.803689,11.609444,POINT (-0.803689 11.609444),518984.31958
Ghana,2013-01-01,349.28,1639451.0,15 540 ,27.400000000000002,36.9,12.3,27525597.0,13006395.0,14519202.0,47.25,0.91,52.75,3.61,77.39,64.51,88.93,15.85,9.83,21.24,7.946527,-1.023194,POINT (7.946527 -1.023194),9614140.520159999
Guinea,2013-01-01,408.08,211257.0,12 504 ,16.479999999999997,36.9,20.0,11055430.0,7236332.0,3819098.0,65.46,1.79,34.55,3.08,62.64,50.6,85.46,19.5,13.38,31.1,9.945587,-9.696645,POINT (9.945587 -9.696645),4511499.8744
Guinea-Bissau,2013-01-01,113.39,54584.0,783 ,16.72,36.9,16.6,1697753.0,996411.0,701342.0,58.69,1.98,41.31,3.64,64.13,51.3,82.35,18.64,7.6,34.33,11.7723,-15.1696,POINT (11.7723 -15.1696),192508.21266999998
Kenya,2013-01-01,82.48,2375129.0,10 439 ,42.74,36.9,8.0,44792368.0,33686548.0,11105820.0,75.21,2.06,24.79,4.32,56.34,46.74,85.44,30.06,28.42,35.02,0.1769,37.9083,POINT (0.1769 37.9083),3694474.5126400003
Lesotho,2013-01-01,82.48,2375129.0,10 439 ,48.459999999999994,36.9,18.1,2073939.0,1532620.0,541319.0,73.9,0.13,26.1,2.2,68.26,60.4,90.52,35.54,34.64,38.09,-29.609988,28.233608,POINT (-29.609988 28.233608),171058.48872
Liberia,2013-01-01,317.28,1244220.0,2 737 ,38.1,55.7,17.9,4427313.0,2258594.0,2168719.0,51.02,1.9,48.99,3.51,70.91,59.61,82.67,16.39,5.42,27.81,6.428055,-9.429499,POINT (6.428055 -9.429499),1404697.86864
Libya,2013-01-01,0.0,0.0,2 737 ,49.662499999999994,55.7,6.000000000000001,5985221.0,1271500.0,4713721.0,21.24,-0.59,78.76,0.86,95.86,59.61,82.67,99.54,5.42,27.81,26.3351,17.228331,POINT (26.3351 17.228331),0.0
Madagascar,2013-01-01,65.21,433450.0,3 701 ,61.5,11.2,3.9,23588073.0,15596906.0,7991167.0,66.12,1.73,33.88,4.65,49.59,33.24,81.5,8.99,5.59,15.63,-18.766947,46.869107,POINT (-18.766947 46.869107),1538178.24033
Morocco,2013-01-01,0.0,0.0,0,2.125,11.2,16.7,33803527.0,13622821.0,20180706.0,40.3,0.04,59.7,2.35,82.06,61.77,95.76,85.74,73.59,93.94,31.7945,-7.0849,POINT (31.7945 -7.0849),0.0
Mozambique,2013-01-01,376.98,3282172.0,25 213 ,8.0,11.2,9.4,25251731.0,16827754.0,8423977.0,66.64,2.0,33.36,4.32,46.73,31.17,77.8,24.43,12.92,47.41,-18.665695,35.529562,POINT (-18.665695 35.529562),9519397.552380001
Namibia,2013-01-01,4.55,4911.0,20 ,5.6,8.4,3.4,2204510.0,1217860.0,986650.0,55.24,-0.16,44.76,4.15,81.2,68.57,96.78,33.23,17.03,53.22,-22.95764,18.49041,POINT (-22.95764 18.49041),10030.5205
Niger,2013-01-01,420.49,2373591.0,24 706 ,64.5,8.4,15.05,18653199.0,15629889.0,3023310.0,83.79,3.91,16.21,3.88,47.14,39.52,86.55,11.91,6.52,39.77,17.607789,8.081666,POINT (17.607789 8.081666),7843483.6475100005
Nigeria,2013-01-01,328.65,0.0,168 902 ,16.6,32.7,7.1,174726123.0,94145930.0,80580193.0,53.88,1.07,46.12,4.59,65.94,50.65,83.81,36.27,30.37,43.16,9.081999,8.675277,POINT (9.081999 8.675276999999999),57423740.32394999
Rwanda,2013-01-01,121.45,1040557.0,2 762 ,74.1,12.0,24.0,11101350.0,9220004.0,1881346.0,83.05,2.45,16.95,2.48,54.84,49.81,79.46,61.87,63.31,54.78,-1.940278,29.873888,POINT (-1.940278 29.873888),1348258.9575
Sao Tome and Principe,2013-01-01,48.12,9243.0,11,0.4,12.0,3.272727272727273,193757.0,61599.0,132158.0,31.79,-1.31,68.21,3.48,80.96,73.28,84.54,38.43,27.23,43.65,0.18636,6.613081,POINT (0.18636 6.613081),9323.58684
Senegal,2013-01-01,67.9,366687.0,3 834 ,45.8,6.2,4.6,13595566.0,7474978.0,6120588.0,54.98,2.05,45.02,3.73,75.8,62.82,91.64,48.67,35.47,64.8,14.497401,-14.452362,POINT (14.497401 -14.452362),923138.9314000001
Seychelles,2013-01-01,67.9,366687.0,3 834 ,0.16,6.2,12.218181818181819,89949.0,40894.0,49055.0,45.46,0.94,54.54,2.61,96.24,62.82,91.64,99.58,35.47,64.8,-4.679574,55.491977,POINT (-4.679574 55.491977),6107.5371000000005
Sierra Leone,2013-01-01,432.7,1701958.0,12 628 ,49.0,48.3,20.7,6964859.0,4176408.0,2788451.0,59.96,1.58,40.04,3.22,55.79,43.66,73.94,14.24,7.5,24.32,8.460555,-11.779889,POINT (8.460554999999999 -11.779889),3013694.4893
Somalia,2013-01-01,28.05,8944.0,1 396 ,3.4875,48.3,0.18,12852485.0,7439404.0,5413081.0,57.88,1.74,42.12,4.04,45.8,24.64,74.89,33.15,16.14,56.54,5.152149,46.199616,POINT (5.152149 46.199616),360512.20425
South Africa,2013-01-01,1.61,8645.0,105,45.075,48.3,0.16,53873616.0,19506020.0,34367596.0,36.21,0.18,63.79,2.43,90.99,77.27,98.78,72.0,66.55,75.08,-30.559482,22.937506,POINT (-30.559482 22.937506),86736.52176
South Sudan,2013-01-01,234.38,262520.0,5 736 ,45.8,31.9,0.11,11106031.0,9060855.0,2045176.0,81.59,2.12,18.42,3.44,41.07,37.67,56.13,8.04,4.36,24.31,6.876991,31.306978,POINT (6.876991 31.306978),2603031.5457800003
Sudan,2013-01-01,31.45,592383.0,3 174 ,51.64,31.9,35.0,35990704.0,23931299.0,12059405.0,66.49,2.16,33.51,2.88,56.11,48.72,70.76,32.29,20.84,55.0,12.862807,30.217636,POINT (12.862807 30.217636),1131907.6408
Togo,2013-01-01,385.39,965334.0,5 042 ,84.275,31.9,19.10909090909091,7106229.0,4330465.0,2775764.0,60.94,1.79,39.06,3.96,60.68,43.99,86.71,14.48,5.98,27.74,8.619543,0.824782,POINT (8.619543 0.824782),2738669.59431
Tunisia,2013-01-01,385.39,965334.0,5 042 ,81.21249999999999,31.9,22.12727272727273,11300284.0,3673157.0,7627127.0,32.51,0.12,67.5,1.38,94.76,84.6,99.66,88.8,75.81,95.06,33.886917,9.537499,POINT (33.886917 9.537499),4355016.450759999
Uganda,2013-01-01,254.24,1502362.0,16 421 ,82.83749999999999,31.9,22.56363636363636,35273570.0,27880935.0,7392635.0,79.04,2.56,20.96,5.82,43.42,35.32,73.98,18.36,16.03,27.14,1.373333,32.290275,POINT (1.373333 32.290275),8967952.4368
Zambia,2013-01-01,225.77,0.0,7 827 ,82.5375,31.9,22.254545454545454,15234976.0,9009203.0,6225773.0,59.14,2.28,40.87,4.4,57.56,39.39,83.85,25.74,17.23,38.06,-13.133897,27.849332,POINT (-13.133897 27.849332),3439600.53152
Zimbabwe,2013-01-01,81.95,422633.0,2 205 ,17.0,31.9,10.587499999999999,13555422.0,9129035.0,4426387.0,67.35,2.05,32.65,1.23,65.97,52.27,94.24,38.94,32.76,51.69,-19.015438,29.154857,POINT (-19.015438 29.154857),1110866.8329
Algeria,2014-01-01,0.0,0.0,0,56.625,31.9,2.7454545454545456,38760168.0,11542390.0,27217778.0,29.78,-0.11,70.22,2.96,93.27,88.33,95.36,87.33,81.55,89.79,28.033886,1.659626,POINT (28.033886 1.659626),0.0
Angola,2014-01-01,187.94,2298979.0,12 036 ,57.93749999999999,31.9,5.3909090909090915,27128337.0,10110460.0,17017877.0,37.27,1.56,62.73,4.67,53.54,26.35,69.7,46.12,20.46,61.36,-11.202692,17.873887,POINT (-11.202692 17.873887),5098499.65578
Benin,2014-01-01,399.24,1130558.0,10 285 ,72.7,25.9,12.5,10614844.0,5820544.0,4794300.0,54.83,1.83,45.17,3.95,65.8,57.52,75.86,15.67,7.2,25.96,9.30769,2.315834,POINT (9.307689999999999 2.315834),4237870.31856
Botswana,2014-01-01,1.5,1346.0,5 ,56.099999999999994,25.9,40.0,2260376.0,760210.0,1500166.0,33.63,-1.08,66.37,2.46,87.46,70.08,96.27,73.22,47.65,86.18,-22.328474,24.684866,POINT (-22.328474 24.684866),3390.5640000000003
Burkina Faso,2014-01-01,436.06,5428655.0,22 278 ,75.3,49.2,22.4,18169842.0,13275977.0,4893865.0,73.07,2.16,26.93,5.17,49.07,38.13,78.74,18.5,9.99,41.61,12.238333,-1.561593,POINT (12.238333 -1.561593),7923141.30252
Burundi,2014-01-01,141.51,4726299.0,4 630 ,68.72,49.2,38.9,10494913.0,9259032.0,1235881.0,88.22,2.8,11.78,5.67,58.96,55.03,88.42,45.9,46.38,42.24,-3.373056,29.918886,POINT (-3.373056 29.918886),1485135.13863
Cabo Verde,2014-01-01,0.19,26.0,1,69.24000000000001,49.2,13.8,546076.0,197625.0,348451.0,36.19,-0.09,63.81,2.04,85.03,71.73,92.57,68.59,55.55,75.98,16.002082,-24.013197,POINT (16.002082 -24.013197),103.75444
Cameroon,2014-01-01,244.08,0.0,12 725 ,54.8,38.2,26.0,22299585.0,10263161.0,12036424.0,46.02,1.4,53.98,3.83,60.25,39.07,78.3,38.87,18.92,55.88,7.369722,12.354722,POINT (7.369722 12.354722),5442882.7068
Central African Republic,2014-01-01,393.04,295088.0,5 995 ,70.41,38.2,20.1,4798734.0,2881208.0,1917526.0,60.04,-0.13,39.96,1.11,46.13,33.75,64.74,25.06,9.05,49.1,6.611111,20.939444,POINT (6.611111 20.939444),1886094.4113600003
Chad,2014-01-01,170.27,914032.0,11 126 ,56.4,38.2,3.8181818181818183,13697126.0,10632805.0,3064321.0,77.63,3.14,22.37,3.85,39.16,29.92,71.24,9.11,2.88,30.74,15.454166,18.732207,POINT (15.454166 18.732207),2332209.64402
Djibouti,2014-01-01,14.01,9439.0,24 ,94.83749999999999,38.2,10.6,989087.0,224384.0,764703.0,22.69,1.32,77.31,1.85,75.56,48.41,83.52,59.84,17.68,72.21,11.825138,42.590275,POINT (11.825138 42.590275),13857.10887
Equatorial Guinea,2014-01-01,360.95,20417.0,770 ,42.0,38.2,63.3,1295183.0,387480.0,907703.0,29.92,2.39,70.08,4.94,63.93,30.78,78.08,66.12,57.25,69.9,1.650801,10.267895,POINT (1.650801 10.267895),467496.30384999997
Eritrea,2014-01-01,33.12,50534.0,227 ,54.275,38.2,0.0,3323425.0,2074150.0,1249275.0,29.92,2.39,70.08,4.94,51.08,27.8,89.74,11.74,5.56,21.99,15.179384,39.782334,POINT (15.179384 39.782334),110071.836
Eswatini,2014-01-01,2.32,711.0,0 ,60.86,38.2,0.0,1125865.0,865239.0,260626.0,76.85,0.56,23.15,1.4,66.92,58.32,95.49,57.37,58.62,53.23,-26.522503,31.465866,POINT (-26.522503 31.465866),2612.0067999999997
Gabon,2014-01-01,285.74,31900.0,386 ,36.25,38.2,26.8625,1966855.0,242887.0,1723968.0,12.35,-0.32,87.65,4.17,85.0,53.59,89.43,47.15,37.58,48.49,-0.803689,11.609444,POINT (-0.803689 11.609444),562009.1477
Ghana,2014-01-01,315.76,3415912.0,14 109 ,46.6,48.5,38.6,28196358.0,13134146.0,15062212.0,46.58,0.86,53.42,3.56,78.41,65.28,89.85,16.49,10.34,21.86,7.946527,-1.023194,POINT (7.946527 -1.023194),8903282.00208
Guinea,2014-01-01,381.09,660207.0,11 566 ,33.76666666666666,48.5,5.0,11333365.0,7385274.0,3948091.0,65.16,1.9,34.84,3.18,62.48,50.18,85.49,20.24,14.21,31.5,9.945587,-9.696645,POINT (9.945587 -9.696645),4319032.067849999
Guinea-Bissau,2014-01-01,93.9,93431.0,772 ,80.6,28.0,18.6,1743309.0,1016088.0,727221.0,58.29,1.95,41.72,3.62,64.92,52.03,82.94,19.23,7.8,35.19,11.7723,-15.1696,POINT (11.7723 -15.1696),163696.7151
Kenya,2014-01-01,83.87,2851555.0,10 634 ,54.1,27.0,10.3,45831863.0,34272609.0,11559254.0,74.78,1.99,25.22,4.27,56.99,47.46,85.24,29.8,28.07,34.94,0.1769,37.9083,POINT (0.1769 37.9083),3843918.34981
Lesotho,2014-01-01,83.87,2851555.0,10 634 ,50.6875,27.0,35.04545454545455,2095242.0,1539961.0,555281.0,73.5,0.19,26.5,2.26,68.37,60.1,91.33,37.32,36.64,39.19,-29.609988,28.233608,POINT (-29.609988 28.233608),175727.94654000003
Liberia,2014-01-01,337.57,881224.0,3 187 ,56.875,27.0,0.0,4519398.0,2286951.0,2232447.0,50.6,1.77,49.4,3.42,71.43,60.21,82.92,16.54,5.54,27.81,6.428055,-9.429499,POINT (6.428055 -9.429499),1525613.18286
Libya,2014-01-01,0.0,0.0,3 187 ,35.7375,27.0,0.0,6097764.0,1279982.0,4817782.0,20.99,-0.54,79.01,0.98,96.75,60.21,82.92,99.7,5.54,27.81,26.3351,17.228331,POINT (26.3351 17.228331),0.0
Madagascar,2014-01-01,45.78,468743.0,2 665 ,23.1375,27.0,0.0,24215976.0,15853231.0,8362745.0,65.47,1.7,34.53,4.62,50.78,34.01,82.57,9.36,5.78,16.15,-18.766947,46.869107,POINT (-18.766947 46.869107),1108607.3812799999
Morocco,2014-01-01,0.0,0.0,0,5.7875,27.0,5.3090909090909095,34248603.0,13611765.0,20636838.0,39.74,0.01,60.26,2.33,83.6,64.71,96.05,86.65,75.39,94.08,31.7945,-7.0849,POINT (31.7945 -7.0849),0.0
Mozambique,2014-01-01,364.83,7407175.0,24 815 ,63.0125,27.0,0.0,26038704.0,17217312.0,8821392.0,66.12,2.02,33.88,4.34,48.96,33.35,79.43,25.64,13.87,48.63,-18.665695,35.529562,POINT (-18.665695 35.529562),9499700.38032
Namibia,2014-01-01,14.49,15914.0,65 ,60.15,27.0,0.0,2243001.0,1215123.0,1027878.0,54.17,-0.18,45.83,4.13,81.54,68.73,96.69,33.57,17.33,52.78,-22.95764,18.49041,POINT (-22.95764 18.49041),32501.084490000005
Niger,2014-01-01,400.25,2010489.0,23 360 ,76.9375,27.0,0.0,19372014.0,16230067.0,3141947.0,83.78,3.89,16.22,3.97,47.94,40.57,85.98,12.33,6.82,40.8,17.607789,8.081666,POINT (17.607789 8.081666),7753648.603499999
Nigeria,2014-01-01,314.4,7826954.0,165 149 ,25.4,27.3,0.0,179379016.0,95103167.0,84275849.0,53.02,1.05,46.98,4.52,67.31,51.88,84.72,36.96,30.45,44.31,9.081999,8.675277,POINT (9.081999 8.675276999999999),56396762.630399995
Rwanda,2014-01-01,219.81,1719904.0,2 761 ,75.23333333333333,27.3,0.0,11368451.0,9439566.0,1928885.0,83.03,2.46,16.97,2.6,55.54,50.51,80.15,63.06,64.89,54.08,-1.940278,29.873888,POINT (-1.940278 29.873888),2498899.2143099997
Sao Tome and Principe,2014-01-01,8.96,1754.0,0,61.1,1.4,12.3,197497.0,60803.0,136694.0,30.79,-1.34,69.21,3.34,82.21,74.5,85.64,39.9,28.48,44.97,0.18636,6.613081,POINT (0.18636 6.613081),1769.5731200000002
Senegal,2014-01-01,39.51,268912.0,3 961 ,43.2,6.7,2.8,13970308.0,7622759.0,6347549.0,54.56,2.05,45.44,3.73,77.02,64.7,91.81,49.38,36.5,64.86,14.497401,-14.452362,POINT (14.497401 -14.452362),551966.86908
Seychelles,2014-01-01,39.51,268912.0,3 961 ,74.44999999999999,6.7,0.0,91359.0,41140.0,50219.0,45.03,0.6,54.97,2.35,96.25,64.7,91.81,100.0,36.5,64.86,-4.679574,55.491977,POINT (-4.679574 55.491977),3609.5940899999996
Sierra Leone,2014-01-01,409.31,1374476.0,11 151 ,45.03333333333334,6.7,0.0,7140688.0,4253565.0,2887123.0,59.57,1.54,40.43,3.19,57.05,45.28,74.4,14.59,7.75,24.65,8.460555,-11.779889,POINT (8.460554999999999 -11.779889),2922755.00528
Somalia,2014-01-01,32.1,11001.0,1 639 ,64.67,6.7,0.4363636363636363,13309235.0,7628987.0,5680248.0,57.32,1.74,42.68,4.04,47.5,25.63,76.88,34.41,17.1,57.66,5.152149,46.199616,POINT (5.152149 46.199616),427226.44350000005
South Africa,2014-01-01,2.15,11705.0,174,84.725,6.7,0.0,54729551.0,19531882.0,35197669.0,35.69,0.14,64.31,2.39,91.43,78.12,98.81,72.95,68.55,75.39,-30.559482,22.937506,POINT (-30.559482 22.937506),117668.53464999999
South Sudan,2014-01-01,236.14,71377.0,6 062 ,65.89,6.7,21.4,11213284.0,9124698.0,2088586.0,81.37,1.65,18.63,3.05,41.01,37.07,58.24,8.8,4.57,27.26,6.876991,31.306978,POINT (6.876991 31.306978),2647904.8837599996
Sudan,2014-01-01,33.38,1068506.0,3 589 ,43.09,6.7,34.8,37003245.0,24537222.0,12466023.0,66.31,2.14,33.69,2.95,57.53,50.22,71.92,33.67,21.97,56.7,12.862807,30.217636,POINT (12.862807 30.217636),1235168.3181000003
Togo,2014-01-01,384.68,1524339.0,5 210 ,42.8,18.3,22.8,7288383.0,4403714.0,2884669.0,60.42,1.75,39.58,3.92,61.8,45.09,87.3,14.89,6.32,27.96,8.619543,0.824782,POINT (8.619543 0.824782),2803695.17244
Tunisia,2014-01-01,384.68,1524339.0,5 210 ,55.73,18.3,32.1,11428948.0,3683321.0,7745627.0,32.23,0.15,67.77,1.41,95.46,86.54,99.7,89.7,78.2,95.18,33.886917,9.537499,POINT (33.886917 9.537499),4396487.71664
Uganda,2014-01-01,220.62,3631939.0,15 581 ,29.080000000000002,18.3,0.35,36336539.0,28522730.0,7813809.0,78.5,2.66,21.5,5.92,44.82,36.76,74.26,18.39,16.07,26.88,1.373333,32.290275,POINT (1.373333 32.290275),8016567.23418
Zambia,2014-01-01,222.98,4077547.0,8 222 ,40.6,39.8,51.4,15737793.0,9225180.0,6512613.0,58.62,2.24,41.38,4.38,58.13,39.99,83.82,25.86,17.68,37.45,-13.133897,27.849332,POINT (-13.133897 27.849332),3509213.08314
Zimbabwe,2014-01-01,101.89,548276.0,2 790 ,26.8,3.0,5.985314305,13855753.0,9352079.0,4503674.0,67.5,1.98,32.5,1.29,65.47,51.65,94.18,38.25,32.44,50.32,-19.015438,29.154857,POINT (-19.015438 29.154857),1411762.67317
Algeria,2015-01-01,0.0,0.0,0,1.8,3.0,18.21818181818182,39543154.0,11527620.0,28015534.0,29.15,-0.08,70.85,2.93,93.47,88.69,95.44,87.5,82.21,89.67,28.033886,1.659626,POINT (28.033886 1.659626),0.0
Angola,2015-01-01,199.99,2769305.0,12 551 ,1.8,3.0,19.0,28127721.0,10281807.0,17845914.0,36.55,1.5,63.45,4.57,54.32,26.71,70.22,47.37,21.39,62.35,-11.202692,17.873887,POINT (-11.202692 17.873887),5625262.92279
Benin,2015-01-01,411.82,1524739.0,10 991 ,55.3,3.0,29.8,10932783.0,5937048.0,4995735.0,54.31,1.8,45.7,3.94,66.07,57.87,75.8,16.01,7.41,26.23,9.30769,2.315834,POINT (9.307689999999999 2.315834),4502338.69506
Botswana,2015-01-01,0.37,326.0,1 ,83.2375,3.0,37.8375,2305171.0,757133.0,1548038.0,32.85,-0.84,67.16,2.7,88.45,71.89,96.54,74.76,48.77,87.47,-22.328474,24.684866,POINT (-22.328474 24.684866),852.9132699999999
Burkina Faso,2015-01-01,400.09,7015446.0,20 471 ,26.2,3.0,19.545454545454547,18718019.0,13564948.0,5153071.0,72.47,2.12,27.53,5.13,48.66,37.09,79.11,18.83,10.45,40.87,12.238333,-1.561593,POINT (12.238333 -1.561593),7488892.221709999
Burundi,2015-01-01,165.5,5428710.0,4 867 ,36.875,3.0,0.46,10727148.0,9431523.0,1295625.0,87.92,2.81,12.08,5.69,59.58,55.56,88.87,45.88,46.4,42.08,-3.373056,29.918886,POINT (-3.373056 29.918886),1775342.994
Cabo Verde,2015-01-01,0.05,7.0,0,47.95,3.0,41.9,552166.0,197123.0,355043.0,35.7,-0.12,64.3,2.01,85.88,72.87,93.1,70.47,57.93,77.44,16.002082,-24.013197,POINT (16.002082 -24.013197),27.608300000000003
Cameroon,2015-01-01,254.5,1193281.0,13 171 ,5.3,3.0,10.3,23012646.0,10452804.0,12559842.0,45.42,1.37,54.58,3.79,60.21,39.05,77.82,38.86,18.36,55.92,7.369722,12.354722,POINT (7.369722 12.354722),5856718.407000001
Central African Republic,2015-01-01,379.91,598833.0,5 555 ,58.379999999999995,3.0,17.2,4819333.0,2878250.0,1941083.0,59.72,0.12,40.28,1.44,46.23,33.75,64.74,25.18,9.05,49.1,6.611111,20.939444,POINT (6.611111 20.939444),1830912.80003
Chad,2015-01-01,167.28,787046.0,11 163 ,36.4,26.9,8.5,14140274.0,10956591.0,3183683.0,77.49,3.04,22.52,3.86,39.01,29.77,70.79,8.84,2.53,30.56,15.454166,18.732207,POINT (15.454166 18.732207),2365385.03472
Djibouti,2015-01-01,13.82,9473.0,24 ,70.63749999999999,26.9,30.7,1006259.0,227243.0,779016.0,22.58,1.23,77.42,1.82,75.58,47.96,83.63,61.09,18.26,73.58,11.825138,42.590275,POINT (11.825138 42.590275),13906.499380000001
Equatorial Guinea,2015-01-01,339.48,15142.0,706 ,24.887500000000003,26.9,5.909090909090909,1346973.0,395795.0,951178.0,29.38,2.24,70.62,4.8,64.18,30.78,78.08,66.18,57.25,69.9,1.650801,10.267895,POINT (1.650801 10.267895),457270.39404
Eritrea,2015-01-01,19.2,28036.0,128 ,33.337500000000006,26.9,7.4,3340006.0,2063923.0,1276083.0,29.38,2.24,70.62,4.8,51.47,27.8,89.74,11.84,5.56,21.99,15.179384,39.782334,POINT (15.179384 39.782334),64128.11519999999
Eswatini,2015-01-01,0.51,157.0,0 ,18.4125,26.9,41.2,1133936.0,869729.0,264207.0,76.7,0.62,23.3,1.47,67.94,59.37,96.14,57.87,59.64,52.06,-26.522503,31.465866,POINT (-26.522503 31.465866),578.30736
Gabon,2015-01-01,284.44,23867.0,394 ,35.8125,26.9,51.5,2028517.0,241028.0,1787489.0,11.88,-0.52,88.12,3.87,85.47,55.05,89.58,47.32,37.41,48.65,-0.803689,11.609444,POINT (-0.803689 11.609444),576991.37548
Ghana,2015-01-01,277.19,4319919.0,12 781 ,64.8875,26.9,9.41818181818182,28870939.0,13255803.0,15615136.0,45.91,0.83,54.09,3.51,79.42,66.04,90.78,17.15,10.86,22.48,7.946527,-1.023194,POINT (7.946527 -1.023194),8002735.581409999
Guinea,2015-01-01,356.64,810979.0,10 492 ,41.0,26.9,4.0,11625998.0,7540506.0,4085492.0,64.86,2.02,35.14,3.36,62.3,49.72,85.52,21.06,14.99,32.26,9.945587,-9.696645,POINT (9.945587 -9.696645),4146295.92672
Guinea-Bissau,2015-01-01,79.77,146027.0,768 ,68.26,26.9,2.7,1788919.0,1035373.0,753546.0,57.88,1.91,42.12,3.58,65.72,52.76,83.53,19.82,8.0,36.06,11.7723,-15.1696,POINT (11.7723 -15.1696),142702.06863
Kenya,2015-01-01,72.17,1581168.0,10 862 ,56.1,27.1,22.9,46851488.0,34830333.0,12021155.0,74.34,1.91,25.66,4.21,57.64,48.18,85.04,29.55,27.71,34.86,0.1769,37.9083,POINT (0.1769 37.9083),3381271.88896
Lesotho,2015-01-01,72.17,1581168.0,10 862 ,84.4,27.1,17.7,2118521.0,1548469.0,570052.0,73.09,0.21,26.91,2.28,68.5,59.79,92.13,39.06,38.62,40.27,-29.609988,28.233608,POINT (-29.609988 28.233608),152893.66057
Liberia,2015-01-01,346.97,941711.0,3 295 ,11.7,27.1,16.5,4612329.0,2314467.0,2297862.0,50.18,1.71,49.82,3.41,71.94,60.81,83.16,16.69,5.66,27.8,6.428055,-9.429499,POINT (6.428055 -9.429499),1600339.7931300001
Libya,2015-01-01,0.0,0.0,3 295 ,19.1375,27.1,18.2,6192235.0,1283650.0,4908585.0,20.73,-0.37,79.27,1.21,97.64,60.81,83.16,99.86,5.66,27.8,26.3351,17.228331,POINT (26.3351 17.228331),0.0
Madagascar,2015-01-01,97.32,937241.0,5 800 ,8.2875,27.1,8.0,24850912.0,16105131.0,8745781.0,64.81,1.68,35.19,4.58,51.98,34.78,83.65,9.74,5.97,16.69,-18.766947,46.869107,POINT (-18.766947 46.869107),2418490.7558399998
Morocco,2015-01-01,0.0,0.0,0,55.0,27.1,17.4,34680458.0,13591618.0,21088840.0,39.19,-0.03,60.81,2.28,85.12,67.69,96.35,87.54,77.19,94.22,31.7945,-7.0849,POINT (31.7945 -7.0849),0.0
Mozambique,2015-01-01,355.88,8222814.0,23 939 ,47.9,38.4,23.3,26843246.0,17609169.0,9234077.0,65.6,2.04,34.4,4.36,51.2,35.54,81.07,26.87,14.82,49.85,-18.665695,35.529562,POINT (-18.665695 35.529562),9552974.38648
Namibia,2015-01-01,10.88,12168.0,38 ,21.0,38.4,15.7,2282704.0,1212116.0,1070588.0,53.1,-0.19,46.9,4.12,81.88,68.89,96.59,33.9,17.62,52.33,-22.95764,18.49041,POINT (-22.95764 18.49041),24835.819520000005
Niger,2015-01-01,369.83,2392108.0,21 498 ,95.5,38.4,25.8,20128124.0,16857908.0,3270216.0,83.75,3.85,16.25,4.05,48.72,41.6,85.42,12.75,7.11,41.81,17.607789,8.081666,POINT (17.607789 8.081666),7443984.09892
Nigeria,2015-01-01,296.08,7131972.0,163 058 ,43.6,41.2,21.4,183995785.0,95975881.0,88019904.0,52.16,1.02,47.84,4.45,68.67,53.11,85.63,37.68,30.53,45.48,9.081999,8.675277,POINT (9.081999 8.675276999999999),54477472.0228
Rwanda,2015-01-01,341.96,2694566.0,2 799 ,67.7,11.4,58.872727272727275,11642959.0,9663190.0,1979769.0,83.0,2.5,17.0,2.76,56.26,51.22,80.85,64.24,66.47,53.37,-1.940278,29.873888,POINT (-1.940278 29.873888),3981426.25964
Sao Tome and Principe,2015-01-01,10.32,2058.0,0,5.637499999999999,11.4,54.1,201124.0,59987.0,141137.0,29.83,-1.29,70.17,3.25,83.46,75.72,86.75,41.36,29.75,46.3,0.18636,6.613081,POINT (0.18636 6.613081),2075.59968
Senegal,2015-01-01,69.8,492253.0,4 042 ,55.4,3.4,11.2,14356181.0,7772149.0,6584032.0,54.14,2.02,45.86,3.74,78.24,66.61,91.98,50.09,37.53,64.91,14.497401,-14.452362,POINT (14.497401 -14.452362),1002061.4338
Seychelles,2015-01-01,69.8,492253.0,4 042 ,3.35,3.4,55.5,93419.0,41665.0,51754.0,44.6,1.27,55.4,3.01,96.25,66.61,91.98,100.0,37.53,64.91,-4.679574,55.491977,POINT (-4.679574 55.491977),6520.646199999999
Sierra Leone,2015-01-01,403.72,1483376.0,10 818 ,1.8499999999999999,3.4,54.8,7314773.0,4328224.0,2986549.0,59.17,1.51,40.83,3.16,58.31,46.9,74.85,14.94,8.01,24.98,8.460555,-11.779889,POINT (8.460554999999999 -11.779889),2953120.1555600003
Somalia,2015-01-01,37.27,20953.0,1 969 ,4.2875,3.4,44.8,13763906.0,7811705.0,5952201.0,56.76,1.75,43.25,4.06,49.17,26.53,78.88,35.7,18.09,58.8,5.152149,46.199616,POINT (5.152149 46.199616),512980.7766200001
South Africa,2015-01-01,0.21,1157.0,110,30.0,3.4,66.35,55876504.0,19652884.0,36223620.0,35.17,0.07,64.83,2.33,91.85,78.97,98.84,73.89,70.57,75.7,-30.559482,22.937506,POINT (-30.559482 22.937506),11734.06584
South Sudan,2015-01-01,240.36,24371.0,6 410 ,24.625,3.4,43.8,11194299.0,9083950.0,2110349.0,81.15,1.23,18.85,2.72,40.93,36.4,60.4,9.6,4.78,30.33,6.876991,31.306978,POINT (6.876991 31.306978),2690661.70764
Sudan,2015-01-01,35.88,586827.0,4 023 ,44.42,3.4,0.0,38171178.0,25233439.0,12937739.0,66.11,2.1,33.89,3.01,58.95,51.71,73.08,35.07,23.1,58.41,12.862807,30.217636,POINT (12.862807 30.217636),1369581.8666400001
Togo,2015-01-01,364.31,1508015.0,5 058 ,61.23333333333333,3.4,41.81818181818182,7473229.0,4476464.0,2996765.0,59.9,1.69,40.1,3.87,62.91,46.19,87.88,15.3,6.67,28.18,8.619543,0.824782,POINT (8.619543 0.824782),2722572.05699
Tunisia,2015-01-01,364.31,1508015.0,5 058 ,1.625,3.4,51.875,11557779.0,3692017.0,7865762.0,31.94,0.16,68.06,1.47,95.73,87.26,99.7,90.3,79.77,95.23,33.886917,9.537499,POINT (33.886917 9.537499),4210614.467490001
Uganda,2015-01-01,236.11,7137662.0,16 198 ,74.3,76.9,27.5,37477356.0,29209851.0,8267505.0,77.94,2.79,22.06,6.05,46.24,38.23,74.54,18.42,16.1,26.62,1.373333,32.290275,POINT (1.373333 32.290275),8848778.52516
Zambia,2015-01-01,202.55,4184661.0,8 070 ,41.95,76.9,58.5,16248230.0,9439084.0,6809146.0,58.09,2.17,41.91,4.33,58.69,40.59,83.78,25.98,18.14,36.84,-13.133897,27.849332,POINT (-13.133897 27.849332),3291078.9865
Zimbabwe,2015-01-01,97.65,482379.0,2 718 ,9.0,1.0,49.9,14154937.0,9570861.0,4584076.0,67.62,1.84,32.39,1.3,64.99,51.03,94.12,37.57,32.11,48.96,-19.015438,29.154857,POINT (-19.015438 29.154857),1382229.5980500001
Algeria,2016-01-01,0.0,0.0,0,31.85,1.0,37.3,40339329.0,11513248.0,28826081.0,28.54,-0.07,71.46,2.91,93.52,88.69,95.44,87.54,82.21,89.67,28.033886,1.659626,POINT (28.033886 1.659626),0.0
Angola,2016-01-01,219.99,3794253.0,13 430 ,21.7,18.1,20.0,29154746.0,10452268.0,18702478.0,35.85,1.44,64.15,4.48,55.08,27.08,70.74,48.63,22.31,63.34,-11.202692,17.873887,POINT (-11.202692 17.873887),6413752.57254
Benin,2016-01-01,421.58,1395618.0,11 228 ,42.0375,18.1,1.8,11260085.0,6054660.0,5205425.0,53.77,1.77,46.23,3.92,66.32,58.22,75.75,16.35,7.62,26.51,9.30769,2.315834,POINT (9.307689999999999 2.315834),4747026.634299999
Botswana,2016-01-01,0.81,716.0,3 ,54.89,18.1,14.3,2352416.0,754349.0,1598067.0,32.07,-0.56,67.93,2.98,89.4,73.71,96.81,76.02,49.68,88.45,-22.328474,24.684866,POINT (-22.328474 24.684866),1905.4569600000002
Burkina Faso,2016-01-01,401.73,9779411.0,19 443 ,56.58,18.1,30.6,19275498.0,13852529.0,5422969.0,71.87,2.08,28.13,5.09,48.27,36.05,79.49,19.13,10.9,40.13,12.238333,-1.561593,POINT (12.238333 -1.561593),7743545.81154
Burundi,2016-01-01,225.74,8793176.0,5 582 ,70.92500000000001,18.1,12.6,10903327.0,9552623.0,1350704.0,87.61,2.82,12.39,5.71,60.2,56.09,89.32,45.85,46.41,41.9,-3.373056,29.918886,POINT (-3.373056 29.918886),2461317.03698
Cabo Verde,2016-01-01,0.35,48.0,1,56.662499999999994,18.1,26.1,558394.0,196644.0,361750.0,35.22,-0.15,64.78,1.96,86.49,74.32,93.1,72.25,60.23,78.78,16.002082,-24.013197,POINT (16.002082 -24.013197),195.43789999999998
Cameroon,2016-01-01,264.31,1694002.0,13 699 ,40.0,18.1,22.8,23711630.0,10627790.0,13083840.0,44.82,1.33,55.18,3.76,60.16,39.01,77.33,38.85,17.8,55.95,7.369722,12.354722,POINT (7.369722 12.354722),6267220.9253
Central African Republic,2016-01-01,362.02,1032764.0,5 172 ,2.4444444444444446,18.1,20.2,4904177.0,2912198.0,1991979.0,59.38,0.41,40.62,1.83,46.33,33.75,64.74,25.32,9.05,49.1,6.611111,20.939444,POINT (6.611111 20.939444),1775410.1575399998
Chad,2016-01-01,169.93,1294768.0,11 437 ,43.35,18.1,6.7272727272727275,14592585.0,11283424.0,3309161.0,77.32,2.93,22.68,3.86,38.85,29.62,70.32,8.58,2.2,30.36,15.454166,18.732207,POINT (15.454166 18.732207),2479717.96905
Djibouti,2016-01-01,19.81,13804.0,30 ,16.875,18.1,0.0,1023261.0,229947.0,793314.0,22.47,1.15,77.53,1.78,75.6,47.51,83.75,62.35,18.84,74.96,11.825138,42.590275,POINT (11.825138 42.590275),20270.80041
Equatorial Guinea,2016-01-01,306.97,147714.0,666 ,59.625,18.1,0.0,1398927.0,403758.0,995169.0,28.86,2.12,71.14,4.65,64.43,30.78,78.08,66.25,57.25,69.9,1.650801,10.267895,POINT (1.650801 10.267895),429428.62119000003
Eritrea,2016-01-01,25.64,24251.0,198 ,89.73750000000001,18.1,0.0,3365287.0,2058647.0,1306640.0,28.86,2.12,71.14,4.65,51.85,27.8,89.74,11.94,5.56,21.99,15.179384,39.782334,POINT (15.179384 39.782334),86285.95868
Eswatini,2016-01-01,1.12,350.0,0 ,78.375,18.1,0.0,1142524.0,874499.0,268025.0,76.54,0.69,23.46,1.58,68.95,60.42,96.78,58.37,60.66,50.9,-26.522503,31.465866,POINT (-26.522503 31.465866),1279.62688
Gabon,2016-01-01,270.67,23915.0,390 ,73.91,18.1,0.0,2086206.0,238683.0,1847523.0,11.44,-0.74,88.56,3.54,85.63,55.05,89.58,47.37,37.41,48.65,-0.803689,11.609444,POINT (-0.803689 11.609444),564673.3780200001
Ghana,2016-01-01,236.0,4505442.0,11 608 ,52.2,50.1,59.6,29554303.0,13373618.0,16180685.0,45.25,0.79,54.75,3.46,80.44,66.79,91.71,17.81,11.39,23.11,7.946527,-1.023194,POINT (7.946527 -1.023194),6974815.508
Guinea,2016-01-01,331.47,992146.0,9 704 ,67.9,50.1,29.9,11930985.0,7700258.0,4230727.0,64.54,2.15,35.46,3.55,62.11,49.24,85.53,21.89,15.78,33.01,9.945587,-9.696645,POINT (9.945587 -9.696645),3954763.5979500003
Guinea-Bissau,2016-01-01,71.35,152404.0,795 ,43.36,50.1,29.9,1834552.0,1054262.0,780290.0,57.47,1.86,42.53,3.54,66.51,53.48,84.11,20.42,8.19,36.94,11.7723,-15.1696,POINT (11.7723 -15.1696),130895.28519999998
Kenya,2016-01-01,70.38,2931406.0,11 298 ,59.0,50.1,29.9,47894670.0,35391766.0,12502904.0,73.9,1.82,26.11,4.15,58.28,48.9,84.84,29.3,27.36,34.77,0.1769,37.9083,POINT (0.1769 37.9083),3370826.8745999997
Lesotho,2016-01-01,70.38,2931406.0,11 298 ,51.5,50.1,29.9,2143872.0,1558230.0,585642.0,72.68,0.21,27.32,2.28,68.63,59.49,92.93,40.77,40.57,41.31,-29.609988,28.233608,POINT (-29.609988 28.233608),150885.71136
Liberia,2016-01-01,386.3,1191137.0,4 001 ,43.7,65.5,23.1,4706097.0,2341095.0,2365002.0,49.75,1.66,50.25,3.4,72.45,61.39,83.4,16.83,5.77,27.78,6.428055,-9.429499,POINT (6.428055 -9.429499),1817965.2711
Libya,2016-01-01,0.0,0.0,4 001 ,31.662499999999998,65.5,23.1,6282196.0,1285337.0,4996859.0,20.46,-0.17,79.54,1.48,98.53,61.39,83.4,100.0,5.77,27.78,26.3351,17.228331,POINT (26.3351 17.228331),0.0
Madagascar,2016-01-01,56.58,655480.0,3 482 ,73.4,10.1,10.6,25501941.0,16357965.0,9143976.0,64.14,1.66,35.86,4.55,53.18,35.55,84.73,10.12,6.15,17.23,-18.766947,46.869107,POINT (-18.766947 46.869107),1442899.8217799999
Morocco,2016-01-01,0.0,0.0,0,18.8,10.1,10.6,35107264.0,13565447.0,21541817.0,38.64,-0.09,61.36,2.23,86.64,70.73,96.65,88.42,78.99,94.36,31.7945,-7.0849,POINT (31.7945 -7.0849),0.0
Mozambique,2016-01-01,344.82,9690873.0,23 186 ,72.14,10.1,10.6,27696493.0,18023216.0,9673277.0,65.07,2.07,34.93,4.39,53.44,37.74,82.71,28.11,15.79,51.07,-18.665695,35.529562,POINT (-18.665695 35.529562),9550304.71626
Namibia,2016-01-01,22.12,25198.0,82 ,38.55,10.1,10.6,2323352.0,1209049.0,1114303.0,52.04,-0.17,47.96,4.08,82.22,69.05,96.5,34.21,17.92,51.89,-22.95764,18.49041,POINT (-22.95764 18.49041),51392.546239999996
Niger,2016-01-01,358.74,4258110.0,20 478 ,77.8875,10.1,10.6,20921743.0,17513591.0,3408152.0,83.71,3.81,16.29,4.12,49.5,42.62,84.86,13.16,7.39,42.82,17.607789,8.081666,POINT (17.607789 8.081666),7505466.083819999
Nigeria,2016-01-01,281.38,12293820.0,165 653 ,65.4375,10.1,10.6,188666931.0,96818209.0,91848722.0,51.32,0.99,48.68,4.38,70.03,54.35,86.55,38.41,30.6,46.65,9.081999,8.675277,POINT (9.081999 8.675276999999999),53087101.04478
Rwanda,2016-01-01,585.54,4725577.0,2 867 ,90.75,10.1,10.6,11930899.0,9895965.0,2034934.0,82.94,2.54,17.06,2.91,56.98,51.93,81.54,65.41,68.04,52.65,-1.940278,29.873888,POINT (-1.940278 29.873888),6986018.600459999
Sao Tome and Principe,2016-01-01,11.01,2238.0,1,63.8625,10.1,10.6,204632.0,59155.0,145477.0,28.91,-1.24,71.09,3.18,84.2,76.95,87.15,42.83,31.04,47.62,0.18636,6.613081,POINT (0.18636 6.613081),2252.99832
Senegal,2016-01-01,45.66,349540.0,4 056 ,66.6,1.7,22.1,14751356.0,7922068.0,6829288.0,53.7,2.0,46.3,3.75,79.46,68.52,92.15,50.78,38.57,64.95,14.497401,-14.452362,POINT (14.497401 -14.452362),673546.91496
Seychelles,2016-01-01,45.66,349540.0,4 056 ,24.125,1.7,22.1,94677.0,41818.0,52859.0,44.17,0.37,55.83,2.11,96.25,68.52,92.15,100.0,38.57,64.95,-4.679574,55.491977,POINT (-4.679574 55.491977),4322.95182
Sierra Leone,2016-01-01,391.33,1775306.0,9 394 ,44.1,57.0,31.1,7493913.0,4404323.0,3089590.0,58.77,1.49,41.23,3.14,59.56,48.52,75.31,15.29,8.26,25.32,8.460555,-11.779889,POINT (8.460554999999999 -11.779889),2932592.97429
Somalia,2016-01-01,37.26,35628.0,2 034 ,52.870000000000005,57.0,31.1,14292847.0,8030293.0,6262554.0,56.18,1.77,43.82,4.09,50.82,27.36,80.89,37.01,19.11,59.95,5.152149,46.199616,POINT (5.152149 46.199616),532551.47922
South Africa,2016-01-01,0.77,4323.0,34,48.54,0.5,31.1,56422274.0,19555396.0,36866878.0,34.66,0.0,65.34,2.25,92.27,79.82,98.87,74.82,72.61,76.0,-30.559482,22.937506,POINT (-30.559482 22.937506),43445.15098
South Sudan,2016-01-01,244.55,7619.0,6 810 ,15.675,0.5,31.1,11066105.0,8953364.0,2112741.0,80.91,0.79,19.09,2.35,40.81,35.67,62.59,10.44,4.99,33.53,6.876991,31.306978,POINT (6.876991 31.306978),2706215.97775
Sudan,2016-01-01,41.73,575015.0,4 581 ,65.55,0.5,31.1,39377169.0,25941285.0,13435884.0,65.88,2.05,34.12,3.07,60.22,53.2,73.76,36.49,24.23,60.14,12.862807,30.217636,POINT (12.862807 30.217636),1643209.26237
Togo,2016-01-01,324.86,1746234.0,4 298 ,11.9,0.5,31.1,7661354.0,4548699.0,3112655.0,59.37,1.63,40.63,3.83,64.02,47.29,88.47,15.71,7.03,28.4,8.619543,0.824782,POINT (8.619543 0.824782),2488867.46044
Tunisia,2016-01-01,324.86,1746234.0,4 298 ,8.989999999999998,0.5,31.1,11685667.0,3698981.0,7986686.0,31.65,0.19,68.35,1.53,95.99,87.99,99.7,90.88,81.35,95.29,33.886917,9.537499,POINT (33.886917 9.537499),3796205.78162
Uganda,2016-01-01,304.41,9385132.0,19 158 ,62.0,71.5,17.2,38748299.0,29981884.0,8766415.0,77.38,2.93,22.62,6.18,47.67,39.72,74.82,18.45,16.14,26.36,1.373333,32.290275,POINT (1.373333 32.290275),11795369.698590001
Zambia,2016-01-01,181.39,4851319.0,7 988 ,18.875,71.5,17.2,16767761.0,9651859.0,7115902.0,57.56,2.09,42.44,4.26,59.24,41.18,83.74,26.09,18.6,36.24,-13.133897,27.849332,POINT (-13.133897 27.849332),3041504.1677899994
Zimbabwe,2016-01-01,65.78,314003.0,1 933 ,9.075,71.5,17.2,14452704.0,9785059.0,4667645.0,67.7,1.68,32.3,1.27,64.51,50.42,94.06,36.89,31.79,47.59,-19.015438,29.154857,POINT (-19.015438 29.154857),950698.86912
Algeria,2017-01-01,0.0,0.0,0,13.9,71.5,17.2,41136546.0,11496842.0,29639704.0,27.95,-0.05,72.05,2.87,93.56,88.69,95.44,87.59,82.21,89.67,28.033886,1.659626,POINT (28.033886 1.659626),0.0
Angola,2017-01-01,228.91,3874892.0,13 941 ,14.0,71.5,17.2,30208628.0,10621656.0,19586972.0,35.16,1.38,64.84,4.39,55.84,27.44,71.24,49.88,23.23,64.33,-11.202692,17.873887,POINT (-11.202692 17.873887),6915057.03548
Benin,2017-01-01,399.56,1774022.0,10 224 ,29.0,71.5,17.2,11596779.0,6173197.0,5423582.0,53.23,1.74,46.77,3.91,66.41,58.22,75.75,16.45,7.62,26.51,9.30769,2.315834,POINT (9.307689999999999 2.315834),4633609.01724
Botswana,2017-01-01,2.05,1900.0,7 ,51.27,71.5,17.2,2401840.0,751776.0,1650064.0,31.3,-0.35,68.7,3.19,90.34,75.53,97.09,77.27,50.6,89.42,-22.328474,24.684866,POINT (-22.328474 24.684866),4923.772
Burkina Faso,2017-01-01,399.94,10255415.0,19 292 ,25.7,71.5,17.2,19835858.0,14134437.0,5701421.0,71.26,2.04,28.74,5.03,47.89,34.99,79.86,19.4,11.34,39.38,12.238333,-1.561593,POINT (12.238333 -1.561593),7933153.04852
Burundi,2017-01-01,250.27,8453810.0,5 974 ,39.9,47.0,12.9,11155593.0,9738163.0,1417430.0,87.29,2.82,12.71,5.72,60.83,56.62,89.77,45.82,46.42,41.7,-3.373056,29.918886,POINT (-3.373056 29.918886),2791910.26011
Cabo Verde,2017-01-01,3.03,423.0,2,45.1375,47.0,12.9,564954.0,196259.0,368695.0,34.74,-0.17,65.26,1.92,87.08,75.78,93.1,73.85,62.35,79.98,16.002082,-24.013197,POINT (16.002082 -24.013197),1711.8106199999997
Cameroon,2017-01-01,262.23,1317371.0,13 633 ,78.175,47.0,12.9,24393181.0,10787396.0,13605785.0,44.22,1.29,55.78,3.72,60.38,39.01,77.33,39.08,17.8,55.95,7.369722,12.354722,POINT (7.369722 12.354722),6396623.853630001
Central African Republic,2017-01-01,347.33,383309.0,4 788 ,80.2375,47.0,12.9,4996741.0,2949077.0,2047664.0,59.02,0.67,40.98,2.16,60.38,39.01,77.33,39.08,17.8,55.95,6.611111,20.939444,POINT (6.611111 20.939444),1735518.0515299998
Chad,2017-01-01,172.3,1962372.0,11 673 ,6.8,47.0,12.9,15085884.0,11637553.0,3448331.0,77.14,2.84,22.86,3.87,38.7,29.47,69.85,8.34,1.89,30.12,15.454166,18.732207,POINT (15.454166 18.732207),2599297.8132
Djibouti,2017-01-01,20.72,14671.0,25 ,69.55,47.0,12.9,1040233.0,232513.0,807720.0,22.35,1.06,77.65,1.75,75.63,47.06,83.86,63.61,19.42,76.32,11.825138,42.590275,POINT (11.825138 42.590275),21553.62776
Equatorial Guinea,2017-01-01,285.72,15725.0,651 ,57.05,47.0,12.9,1450694.0,411330.0,1039364.0,28.35,2.0,71.65,4.49,64.67,30.78,78.08,66.31,57.25,69.9,1.650801,10.267895,POINT (1.650801 10.267895),414492.28968000005
Eritrea,2017-01-01,33.97,54005.0,221 ,49.9,47.0,12.9,3396933.0,2056809.0,1340124.0,28.35,2.0,71.65,4.49,64.67,30.78,78.08,66.31,57.25,69.9,15.179384,39.782334,POINT (15.179384 39.782334),115393.81401
Eswatini,2017-01-01,2.3,724.0,1 ,41.0,47.0,12.9,1151390.0,879374.0,272016.0,76.38,0.75,23.63,1.67,69.01,60.42,96.78,58.35,60.66,50.9,-26.522503,31.465866,POINT (-26.522503 31.465866),2648.197
Gabon,2017-01-01,254.24,35244.0,382 ,53.375,47.0,12.9,2140215.0,235937.0,1904278.0,11.02,-0.92,88.98,3.27,85.77,55.05,89.58,47.41,37.41,48.65,-0.803689,11.609444,POINT (-0.803689 11.609444),544128.2616000001
Ghana,2017-01-01,212.56,5584185.0,11 374 ,27.3375,47.0,12.9,30222262.0,13477013.0,16745249.0,44.59,0.76,55.41,3.42,81.45,67.54,92.65,18.47,11.93,23.74,7.946527,-1.023194,POINT (7.946527 -1.023194),6424044.01072
Guinea,2017-01-01,311.53,1335323.0,9 242 ,28.5625,47.0,12.9,12240789.0,7859443.0,4381346.0,64.21,2.25,35.79,3.7,61.9,48.72,85.54,22.72,16.56,33.77,9.945587,-9.696645,POINT (9.945587 -9.696645),3813372.99717
Guinea-Bissau,2017-01-01,78.33,92846.0,814 ,41.900000000000006,47.0,12.9,1879826.0,1072535.0,807291.0,57.06,1.81,42.95,3.5,66.63,53.48,84.11,20.54,8.19,36.94,11.7723,-15.1696,POINT (11.7723 -15.1696),147246.77058
Kenya,2017-01-01,70.1,3419883.0,11 845 ,17.825,47.0,12.9,48948137.0,35946533.0,13001604.0,73.44,1.74,26.56,4.09,58.92,49.61,84.64,29.05,27.01,34.68,0.1769,37.9083,POINT (0.1769 37.9083),3431264.4036999997
Lesotho,2017-01-01,70.1,3419883.0,11 845 ,17.29,47.0,12.9,2170617.0,1568705.0,601912.0,72.27,0.22,27.73,2.29,68.65,59.32,92.96,42.75,42.77,42.72,-29.609988,28.233608,POINT (-29.609988 28.233608),152160.2517
Liberia,2017-01-01,401.11,1783968.0,4 444 ,9.790000000000001,47.0,12.9,4796631.0,2364883.0,2431748.0,49.3,1.59,50.7,3.36,72.95,61.96,83.63,16.97,5.89,27.75,6.428055,-9.429499,POINT (6.428055 -9.429499),1923976.6604100002
Libya,2017-01-01,0.0,0.0,4 444 ,25.95,47.0,12.9,6378261.0,1287324.0,5090937.0,20.18,-0.01,79.82,1.7,98.53,61.96,83.63,100.0,5.89,27.75,26.3351,17.228331,POINT (26.3351 17.228331),0.0
Madagascar,2017-01-01,75.67,935229.0,4 783 ,8.870000000000001,47.0,12.9,26169542.0,16611902.0,9557640.0,63.48,1.64,36.52,4.52,54.4,36.33,85.82,10.51,6.33,17.77,-18.766947,46.869107,POINT (-18.766947 46.869107),1980249.2431400002
Morocco,2017-01-01,0.0,0.0,0,38.6125,47.0,12.9,35528115.0,13533370.0,21994745.0,38.09,-0.14,61.91,2.18,86.78,70.73,96.65,88.5,78.99,94.36,31.7945,-7.0849,POINT (31.7945 -7.0849),0.0
Mozambique,2017-01-01,326.4,9892601.0,21 640 ,3.25,47.0,12.9,28569441.0,18440146.0,10129295.0,64.55,2.08,35.46,4.4,55.69,39.96,84.35,29.36,16.76,52.29,-18.665695,35.529562,POINT (-18.665695 35.529562),9325065.542399999
Namibia,2017-01-01,46.75,54268.0,228 ,36.3625,47.0,12.9,2364534.0,1205794.0,1158740.0,51.0,-0.15,49.01,4.03,82.54,69.22,96.41,34.5,18.22,51.45,-22.95764,18.49041,POINT (-22.95764 18.49041),110541.9645
Niger,2017-01-01,356.57,2761268.0,18 087 ,36.3625,47.0,12.9,21737922.0,18183772.0,3554150.0,83.65,3.77,16.35,4.21,50.27,43.62,84.29,13.57,7.65,43.82,17.607789,8.081666,POINT (17.607789 8.081666),7751090.8475399995
Nigeria,2017-01-01,283.06,11639713.0,176 528 ,49.1,47.0,14.9,193495907.0,97678669.0,95817238.0,50.48,0.97,49.52,4.31,71.38,55.59,87.47,39.17,30.66,47.84,9.081999,8.675277,POINT (9.081999 8.675276999999999),54770951.43542
Rwanda,2017-01-01,538.34,4413473.0,2 923 ,68.0,19.6,14.9,12230339.0,10135893.0,2094446.0,82.88,2.56,17.13,3.04,57.71,52.64,82.24,66.57,69.6,51.93,-1.940278,29.873888,POINT (-1.940278 29.873888),6584080.697260001
Sao Tome and Principe,2017-01-01,10.81,2239.0,1,68.0,19.6,14.9,208036.0,58317.0,149719.0,28.03,-1.2,71.97,3.11,84.29,76.95,87.15,42.97,31.04,47.62,0.18636,6.613081,POINT (0.18636 6.613081),2248.86916
Senegal,2017-01-01,52.35,395706.0,4 163 ,60.7,4.7,22.0,15157793.0,8073041.0,7084752.0,53.26,1.97,46.74,3.76,80.68,70.46,92.32,51.47,39.61,64.99,14.497401,-14.452362,POINT (14.497401 -14.452362),793510.46355
Seychelles,2017-01-01,52.35,395706.0,4 163 ,60.7,4.7,22.0,95843.0,41921.0,53922.0,43.74,0.25,56.26,1.99,96.25,70.46,92.32,100.0,39.61,64.99,-4.679574,55.491977,POINT (-4.679574 55.491977),5017.38105
Sierra Leone,2017-01-01,364.13,1651236.0,8 435 ,59.5,4.7,26.8,7677565.0,4480934.0,3196631.0,58.36,1.46,41.64,3.14,60.81,50.14,75.76,15.65,8.52,25.65,8.460555,-11.779889,POINT (8.460554999999999 -11.779889),2795631.74345
Somalia,2017-01-01,37.13,35138.0,2 081 ,59.5,4.7,26.8,14864221.0,8265845.0,6598376.0,55.61,1.78,44.39,4.11,52.44,28.11,82.91,38.34,20.16,61.1,5.152149,46.199616,POINT (5.152149 46.199616),551908.52573
South Africa,2017-01-01,3.95,22517.0,301,59.5,4.7,26.8,56641209.0,19342973.0,37298236.0,34.15,-0.07,65.85,2.18,92.68,80.68,98.9,75.75,74.67,76.31,-30.559482,22.937506,POINT (-30.559482 22.937506),223732.77555000002
South Sudan,2017-01-01,245.8,1488005.0,7 156 ,59.5,4.7,26.8,10658226.0,8596286.0,2061940.0,80.65,0.41,19.35,2.04,40.68,34.88,64.83,11.32,5.19,36.87,6.876991,31.306978,POINT (6.876991 31.306978),2619791.9508
Sudan,2017-01-01,46.75,720879.0,5 230 ,59.5,4.7,26.8,40679828.0,26698171.0,13981657.0,65.63,2.02,34.37,3.12,60.27,53.2,73.76,36.58,24.23,60.14,12.862807,30.217636,POINT (12.862807 30.217636),1901781.959
Togo,2017-01-01,278.2,1755577.0,3 695 ,69.7,31.1,41.7,7852795.0,4620428.0,3232367.0,58.84,1.58,41.16,3.79,65.13,48.39,89.06,16.13,7.4,28.61,8.619543,0.824782,POINT (8.619543 0.824782),2184647.569
Tunisia,2017-01-01,278.2,1755577.0,3 695 ,69.7,31.1,41.7,11811443.0,3703832.0,8107611.0,31.36,0.2,68.64,1.57,96.25,88.71,99.7,90.92,81.35,95.29,33.886917,9.537499,POINT (33.886917 9.537499),3285943.4425999997
Uganda,2017-01-01,336.76,11667831.0,21 315 ,69.7,31.1,41.7,40127085.0,30819206.0,9307879.0,76.8,3.01,23.2,6.25,49.1,41.25,75.11,18.47,16.17,26.11,1.373333,32.290275,POINT (1.373333 32.290275),13513197.1446
Zambia,2017-01-01,160.05,5505639.0,7 825 ,69.7,31.1,41.7,17298054.0,9864042.0,7434012.0,57.02,2.01,42.98,4.21,59.96,41.95,83.86,26.37,18.93,36.24,-13.133897,27.849332,POINT (-13.133897 27.849332),2768553.5427
Zimbabwe,2017-01-01,108.55,467508.0,3 410 ,69.7,31.1,41.7,14751101.0,9995789.0,4755312.0,67.76,1.55,32.24,1.28,64.05,49.8,94.0,36.22,31.47,46.22,-19.015438,29.154857,POINT (-19.015438 29.154857),1601232.01355
